scenario,alpha,window,snr_like,tpr,fpr,precision,f1,iou,detection_delay_frames,peak_amplitude_ratio,detection_probability,mean_center_error_px
appearing,0.0,1,9.726238460893933,1.0,1.7024174327545114e-05,0.999,0.9994983277591972,0.999,0.0,1.0,1.0,0.007644177663850966
appearing,0.0,3,16.56890712077709,1.0,7.566299701131162e-06,0.9995555555555555,0.9997770345596432,0.9995555555555555,0.0,0.9860990900885517,1.0,0.003390709149661944
appearing,0.0,5,21.023631822394044,0.996979865771812,1.8915749252827904e-06,0.9998888888888888,0.9982837420347448,0.996868754660701,0.0,0.9833888712707047,1.0,0.004826781199861642
appearing,0.0,10,28.20239480473998,0.988255033557047,1.8915749252827904e-06,0.9998888888888888,0.9909534340133473,0.9881439224459359,0.0,0.9807108530724757,1.0,0.013763051486219592
appearing,0.3,1,13.160372380772516,1.0,1.5132599402262323e-05,0.9991111111111111,0.9995540691192865,0.9991111111111111,0.0,0.9931485863440099,1.0,0.006895799375486294
appearing,0.3,3,18.550581908716747,0.9978747203579419,9.457874626413953e-06,0.9994459161147903,0.9985866588349056,0.9973206364727322,0.0,0.9849735320664503,1.0,0.005318608046867494
appearing,0.3,5,22.389801445052466,0.9926174496644296,1.8915749252827904e-06,0.9998888888888888,0.995202879329566,0.9925063385533185,0.0,0.9824467592027907,1.0,0.008629922020154557
appearing,0.3,10,27.993911743164062,0.9832214765100671,0.0,1.0,0.9840731186621597,0.9832214765100671,1.0,0.9805074037030712,0.9833333333333333,0.09527236399046245
appearing,0.6,1,18.96801973749818,1.0,1.1349449551696744e-05,0.9993333333333332,0.9996655518394649,0.9993333333333332,0.0,0.9859307686678214,1.0,0.005038267767914263
appearing,0.6,3,22.60696583508853,0.9916107382550335,1.8915749252827904e-06,0.9998888888888888,0.9943388774739915,0.9914996271439224,0.0,0.9829073256409631,1.0,0.01134501574442172
appearing,0.6,5,25.312645428925787,0.9829977628635347,0.0,0.9833333333333333,0.9831638418079096,0.9829977628635347,1.0,0.981037738150416,0.9833333333333333,0.00016417617394625666
appearing,0.6,10,27.449688720703126,0.9774049217002237,0.0,0.9833333333333333,0.9797794251741619,0.9774049217002237,1.0,0.9797867928670748,0.9833333333333333,0.0051552061052609535
appearing,0.9,1,25.929913330078126,0.9957494407158837,1.8915749252827904e-06,0.9998888888888888,0.9975083612040134,0.9956383296047726,0.0,0.9738335813431561,1.0,0.004119666859958733
appearing,0.9,3,25.423097991943358,0.9790827740492171,0.0,0.9833333333333333,0.9808974358974359,0.9790827740492171,1.0,0.9732705583880175,0.9833333333333333,0.0027186583928484787
appearing,0.9,5,24.91597671508789,0.9665548098434004,1.8915749252827904e-06,0.9832222222222222,0.9684642261817875,0.9664436987322894,2.0,0.9731241919352085,0.9666666666666667,0.034325179157535475
appearing,0.9,10,23.6486452738444,0.9460850111856823,1.8915749252827904e-06,0.9665555555555555,0.9493721000565649,0.9459739000745712,3.0,0.9729851438050399,0.95,0.03555950914050637
appearing_and_fading,0.0,1,7.3478816431022365,0.8543064876957495,1.8915749252827906e-05,0.9152850877192983,0.868605881423718,0.8533361112345733,0.0,1.0,0.875,0.1058831327062087
appearing_and_fading,0.0,3,12.699205527232378,0.9253355704697986,0.0,0.9583333333333334,0.9332380094876879,0.9253355704697986,0.0,0.9905960930139389,0.9375,0.09444289665087414
appearing_and_fading,0.0,5,16.321448177428707,0.970917225950783,2.3644686566034883e-06,0.9998611111111111,0.9796655822846537,0.9707783370618941,0.0,0.98626236183685,0.9791666666666666,0.021809762205907923
appearing_and_fading,0.0,10,22.623011496246733,0.986437360178971,4.728937313206977e-06,0.9997222222222222,0.9898067494190141,0.9861595824011932,0.0,0.9835787575982675,1.0,0.03403799569500344
appearing_and_fading,0.3,1,10.003525327745823,0.8947147651006712,9.457874626413953e-06,0.9369153225806451,0.9055338142773944,0.8941834451901567,0.0,0.9916948684047088,0.9166666666666666,0.06862552279900613
appearing_and_fading,0.3,3,14.298436679002263,0.9530201342281878,2.3644686566034883e-06,0.9998611111111111,0.9620518014419677,0.9528812453392991,0.0,0.9893932334485296,0.9583333333333334,0.1516671110068025
appearing_and_fading,0.3,5,17.476195843830457,0.9781879194630873,2.3644686566034883e-06,0.9998611111111111,0.9860924650711699,0.9780490305741983,0.0,0.9846092891198162,1.0,0.02491490401192614
appearing_and_fading,0.3,10,22.625054677327473,0.9800055928411634,4.728937313206977e-06,0.9997222222222222,0.9813644116278007,0.9797278150633856,1.0,0.9827063161910298,0.9791666666666666,0.054597764341196085
appearing_and_fading,0.6,1,14.610946675480037,0.9559563758389262,2.3644686566034883e-06,0.9790277777777777,0.9635367443722521,0.9558174869500373,0.0,0.9830220054565637,0.9791666666666666,0.029536398165137992
appearing_and_fading,0.6,3,17.642471873032747,0.9784675615212528,0.0,1.0,0.9861284381768262,0.9784675615212528,0.0,0.9813890622261346,1.0,0.02574057030652908
appearing_and_fading,0.6,5,19.989640949673937,0.9787472035794184,0.0,1.0,0.9799520984790262,0.9787472035794184,1.0,0.9808352558629585,0.9791666666666666,0.09798332369262397
appearing_and_fading,0.6,10,22.41912078857422,0.972175615212528,2.3644686566034883e-06,0.9790277777777777,0.9748967211493508,0.972036726323639,1.0,0.9800556064793381,0.9791666666666666,0.01133680762443935
appearing_and_fading,0.9,1,20.994863510131836,0.9948266219239373,7.0934059698104645e-06,0.9995833333333333,0.996837585480764,0.9944099552572707,0.0,0.9128344133702996,1.0,0.013461462389055018
appearing_and_fading,0.9,3,20.7506529490153,0.9748322147651006,0.0,0.9791666666666666,0.9767478152309613,0.9748322147651006,1.0,0.9115284515564266,0.9791666666666666,0.006217432257326651
appearing_and_fading,0.9,5,20.476107915242512,0.957354586129754,0.0,0.9583333333333334,0.957832187857961,0.957354586129754,2.0,0.9085065737502658,0.9583333333333334,0.0009185548071034797
appearing_and_fading,0.9,10,19.65921942392985,0.932606263982103,0.0,0.9375,0.9347275031685678,0.932606263982103,3.0,0.8972679377046395,0.9375,0.0033195684923832507
appearing_and_growing,0.0,1,8.15728196548584,0.9072706935123042,1.1349449551696744e-05,0.9493310657596371,0.9169110172563789,0.906606263982103,5.0,1.0,0.9166666666666666,0.062207900649153235
appearing_and_growing,0.0,3,13.876795446332903,0.9237136465324384,0.0,0.9333333333333333,0.9275479161063361,0.9237136465324384,4.0,0.9943698138634873,0.9333333333333333,0.008068030331897605
appearing_and_growing,0.0,5,17.568791477873802,0.9227069351230425,3.783149850565581e-06,0.9331111111111111,0.9265162572647045,0.9224847129008202,4.0,0.9940398178698758,0.9333333333333333,0.013155086360726667
appearing_and_growing,0.0,10,23.358769087844404,0.9068232662192394,7.566299701131162e-06,0.9162018667932289,0.9104526093187337,0.9063967188665175,5.0,0.9932380461668348,0.9166666666666666,0.012850715000183076
appearing_and_growing,0.3,1,11.028567015681698,0.9202460850111858,5.674724775848372e-06,0.9496666666666667,0.927760899535682,0.9199127516778524,4.0,0.9978589780893529,0.9333333333333333,0.034851277676333864
appearing_and_growing,0.3,3,15.522695229915026,0.926510067114094,0.0,0.95,0.9303322516112654,0.926510067114094,4.0,0.993577428274037,0.9333333333333333,0.09706608960367885
appearing_and_growing,0.3,5,18.69066718752334,0.9237136465324386,5.674724775848372e-06,0.9495555555555555,0.9278614064502771,0.9234362416107383,4.0,0.9924975312051226,0.9333333333333333,0.11364204817930003
appearing_and_growing,0.3,10,23.15469919840495,0.9052572706935124,1.3241024476979535e-05,0.915752855501853,0.909029762330753,0.9045555555555556,5.0,0.9922930127300401,0.9166666666666666,0.014451586033816612
appearing_and_growing,0.6,1,15.854771862654498,0.9298657718120805,5.674724775848372e-06,0.9496666666666667,0.9349428370031542,0.9295324384787471,4.0,0.9951868997518608,0.9333333333333333,0.016790510455469126
appearing_and_growing,0.6,3,18.85980606030238,0.9252796420581656,5.674724775848372e-06,0.9481729341608859,0.9296030213045718,0.9250999254287845,4.0,0.9924767829540273,0.9333333333333333,0.09303850720767341
appearing_and_growing,0.6,5,21.05819542324633,0.9159955257270693,1.1349449551696744e-05,0.9323416973321642,0.9205863898653106,0.9154444444444445,5.0,0.9920405756750468,0.9166666666666666,0.03063465110935366
appearing_and_growing,0.6,10,22.610796610514324,0.896420581655481,9.457874626413953e-06,0.916040990857761,0.9015820610018171,0.8959142431021625,6.0,0.9916750112509861,0.9,0.035724843793666985
appearing_and_growing,0.9,1,21.117611694335938,0.9167785234899329,0.0,0.9333333333333333,0.9218367098042108,0.9167785234899329,4.0,0.9829666738626871,0.9333333333333333,0.017118351185856515
appearing_and_growing,0.9,3,20.613490549723306,0.9033557046979865,1.8915749252827904e-06,0.9165555555555556,0.9078890472770269,0.9032445935868754,5.0,0.982226158900975,0.9166666666666666,0.016317710781385643
appearing_and_growing,0.9,5,20.110158030192057,0.8876957494407158,0.0,0.9,0.8921191061602021,0.8876957494407158,6.0,0.9815281284534105,0.9,0.018442196451923368
appearing_and_growing,0.9,10,18.854122924804688,0.8586129753914988,0.0,0.8833333333333333,0.8647540533206999,0.8586129753914988,8.0,0.97917962403181,0.8666666666666667,0.04768476951314447
background_drift,0.0,1,9.75773918763559,1.0,2.979230507320395e-05,0.9982533112582781,0.9991229096989965,0.9982533112582781,0.0,1.0,1.0,0.009998862997211564
background_drift,0.0,3,16.778442367592586,1.0,7.093405969810465e-06,0.9995833333333334,0.9997909698996654,0.9995833333333334,0.0,0.9904090798415657,1.0,0.003190495239470836
background_drift,0.0,5,21.492917172319835,1.0,2.837362387924186e-06,0.9998333333333334,0.9999163879598661,0.9998333333333334,0.0,0.9857881579232852,1.0,0.0012611104633469899
background_drift,0.0,10,29.594500247690018,1.0,4.2560435818862785e-06,0.9997499999999999,0.9998745819397993,0.9997499999999999,0.0,0.9790308310571854,1.0,0.0019131783952869256
background_drift,0.3,1,13.249121997145048,1.0,9.93076835773465e-06,0.9994166666666665,0.9997073578595316,0.9994166666666665,0.0,0.9943815105265315,1.0,0.004426068210870082
background_drift,0.3,3,18.84365264094584,1.0,9.93076835773465e-06,0.999417770419426,0.9997076365663322,0.999417770419426,0.0,0.9868228509988934,1.0,0.003338393150959429
background_drift,0.3,5,22.962241020881994,1.0,1.418681193962093e-06,0.9999166666666668,0.9999581939799331,0.9999166666666668,0.0,0.9848797880470289,1.0,0.0005892556509887938
background_drift,0.3,10,29.55720193873126,1.0,5.674724775848372e-06,0.9996666666666666,0.9998327759197323,0.9996666666666666,0.0,0.9786480042622026,1.0,0.0025478261541089357
background_drift,0.6,1,19.26939847958435,1.0,7.093405969810465e-06,0.9995833333333334,0.9997909698996654,0.9995833333333334,0.0,0.9878146327586913,1.0,0.003147537574405167
background_drift,0.6,3,23.129791349152157,1.0,2.837362387924186e-06,0.9998333333333334,0.9999163879598661,0.9998333333333334,0.0,0.9847708222338474,1.0,0.0012239034098108037
background_drift,0.6,5,26.10775373897219,1.0,0.0,1.0,1.0,1.0,0.0,0.9827303650595817,1.0,0.0
background_drift,0.6,10,29.24348851130021,1.0,5.674724775848372e-06,0.9996666666666666,0.9998327759197323,0.9996666666666666,0.0,0.9780891928574356,1.0,0.0025385910352880396
background_drift,0.9,1,28.611076379680128,1.0,2.837362387924186e-06,0.9998333333333334,0.9999163879598661,0.9998333333333334,0.0,0.9786267896791053,1.0,0.0012692955176440198
background_drift,0.9,3,28.383267586814448,1.0,5.674724775848372e-06,0.9996666666666666,0.9998327759197323,0.9996666666666666,0.0,0.9785718246228987,1.0,0.0025106191005727493
background_drift,0.9,5,28.1498211163291,1.0,5.674724775848372e-06,0.9996666666666666,0.9998327759197323,0.9996666666666666,0.0,0.9775130240664981,1.0,0.0025385910352880396
background_drift,0.9,10,27.583809568062776,1.0,7.093405969810465e-06,0.9995833333333334,0.9997909698996654,0.9995833333333334,0.0,0.9759754489415611,1.0,0.0031732387941100495
intermittent,0.0,1,9.701998429588865,1.0,3.5467029849052323e-06,0.9997916666666666,0.9998954849498327,0.9997916666666666,0.0,1.0,1.0,0.001502313031443256
intermittent,0.0,3,15.261280363556894,0.9997902684563759,3.5467029849052323e-06,0.9997916666666666,0.9997902660946139,0.9995819351230425,0.0,0.9938091373249934,1.0,0.002530904860526182
intermittent,0.0,5,17.650409835742302,0.988255033557047,0.0,1.0,0.9937313684595463,0.988255033557047,0.0,0.9931374708579048,1.0,0.016223593433996146
intermittent,0.0,10,17.63690031504465,0.9435822147651007,0.0,1.0,0.9596288798226216,0.9435822147651007,0.0,0.9881490044996233,1.0,0.040242456221332636
intermittent,0.3,1,12.702483218806993,1.0,0.0,1.0,1.0,1.0,0.0,0.9936815059126853,1.0,0.0
intermittent,0.3,3,16.446836907981762,0.9922399328859061,3.5467029849052323e-06,0.9997916666666666,0.9958428662701713,0.9920315995525727,0.0,0.9923268389148668,1.0,0.011102918349362112
intermittent,0.3,5,18.00939406407415,0.9628775167785235,0.0,1.0,0.9768470920657806,0.9628775167785235,0.0,0.9903147962258554,1.0,0.03807493913002603
intermittent,0.3,10,16.48361301422119,0.9215604026845637,0.0,1.0,0.9322210879130521,0.9215604026845637,1.0,0.9840229125488289,0.9375,0.19433683321980522
intermittent,0.6,1,16.729177411967775,1.0,0.0,1.0,1.0,1.0,0.0,0.9839046440586592,1.0,0.0
intermittent,0.6,3,18.105814104665722,0.9609899328859061,0.0,1.0,0.9753538995726496,0.9609899328859061,0.0,0.9808636655051716,1.0,0.03208429823433474
intermittent,0.6,5,18.179886731778623,0.919253355704698,0.0,0.96875,0.9281351578226578,0.919253355704698,1.0,0.9781425046605177,0.90625,0.10934478222586116
intermittent,0.6,10,14.268696784973145,0.9509228187919463,0.0,0.96875,0.9584667646514337,0.9509228187919463,1.0,0.9358314595169422,0.96875,0.019169344145407167
intermittent,0.9,1,16.08816432952881,0.9926593959731543,0.0,1.0,0.9958412547528517,0.9926593959731543,0.0,0.7718610680334562,1.0,0.006675326569016384
intermittent,0.9,3,14.53116750717163,0.9614093959731543,3.5467029849052323e-06,0.9684782608695652,0.9644886363636364,0.9612499999999999,1.0,0.7469571735013535,0.96875,0.006303563830082491
intermittent,0.9,5,13.176198959350586,0.9383389261744967,3.5467029849052323e-06,0.9685283687943262,0.9414378458918689,0.9381431767337808,2.0,0.718849188456404,0.9375,0.05466931173907043
intermittent,0.9,10,10.922706604003906,0.8991191275167785,1.7733514924526163e-05,0.9363590169077339,0.9056223826604262,0.8981473713646533,3.0,0.6260197577368536,0.90625,0.0684407126471737
moving,0.0,1,9.733291500443062,1.0,1.2716174974567653e-05,0.9990131578947368,0.9995044052863437,0.9990131578947368,0.0,1.0,1.0,0.006609101801826831
moving,0.0,3,13.539966889701313,0.9993362831858406,0.0028964620775404092,0.8156401982689137,0.898016682473665,0.8152012222520122,0.0,0.9771297784356057,1.0,0.9890409436444447
moving,0.0,5,13.011295682420116,0.9845132743362832,0.005451000339097999,0.6995715791297122,0.817307252966064,0.6921616006286507,0.0,0.9771297784356057,1.0,1.949150832871269
moving,0.0,10,8.54406667341621,0.9438053097345133,0.01068582570362835,0.5373835732689274,0.6823493861008665,0.5219365692762636,0.0,0.9771297784356057,1.0,4.1918940893864605
moving,0.3,1,12.438333272765144,1.0,0.0011063072227873857,0.920583202781101,0.9585725544298231,0.920583202781101,0.0,0.9771297784356057,1.0,0.416910720511404
moving,0.3,3,13.52810744637975,0.9896017699115045,0.0033005538600655595,0.7938160526118792,0.8806896998451146,0.7872715694121608,0.0,0.9771297784356057,1.0,1.181389761941541
moving,0.3,5,12.097728498640242,0.9517699115044248,0.00580281451339437,0.6790807810799901,0.7919495448446595,0.656945416231056,0.0,0.9771297784356057,1.0,2.206064553222615
moving,0.3,10,7.694589886567293,0.906637168141593,0.011420538035492256,0.5116520844330098,0.6513653754658533,0.4873999918632251,0.0,0.9771297784356057,1.0,4.605999132887683
moving,0.6,1,14.44643212129007,0.9998893805309734,0.0041666666666666675,0.7553122266071706,0.8601486946288215,0.7552233377182817,0.0,0.9771297784356057,1.0,1.537269379329845
moving,0.6,3,12.298054460017047,0.9446902654867257,0.006293093704080479,0.6600534989693572,0.7761369017805073,0.635508626606432,0.0,0.9771297784356057,1.0,2.4891535936072677
moving,0.6,5,10.0595881997915,0.9040929203539821,0.00830083644173166,0.5866077813795123,0.70988430577688,0.5525489263213806,0.0,0.9771297784356057,1.0,3.393732782814798
moving,0.6,10,6.1602071216631815,0.858849557522124,0.013022776082287779,0.46813313655480443,0.6019487471644525,0.4354023467579369,0.0,0.9771297784356057,1.0,5.501898948703636
moving,0.9,1,7.503502170845346,0.955862831858407,0.022316887080366228,0.37987703539124185,0.5303190840503941,0.3678779576224894,0.0,0.9771297784356057,1.0,8.952208182305313
moving,0.9,3,5.965814392611736,0.8522123893805309,0.023758053577483892,0.3432585912498447,0.47493924168864793,0.31911336640521604,,0.9771297784356057,0.2375,9.96974039303821
moving,0.9,5,4.816963288757714,0.7869469026548673,0.025038148524923705,0.31722684592776645,0.4366144260253675,0.2872991860723671,,0.9771297784356057,0.1875,10.823321049055005
moving,0.9,10,3.012097307478766,0.6702433628318584,0.027910591160845488,0.2676408932787349,0.36504877774410505,0.2327159993144022,,0.9771297784356057,0.075,12.651121582969065
moving_diagonal,0.0,1,9.722877265045131,1.0,2.2606533288120268e-05,0.9982475209763539,0.9991194257670608,0.9982475209763539,0.0,1.0,1.0,0.011413592089022609
moving_diagonal,0.0,3,12.749180301264598,0.9991150442477876,0.0035577031762179267,0.7834941366307309,0.8778275823021928,0.7829502072264615,0.0,0.9912342762113597,1.0,1.264463200402688
moving_diagonal,0.0,5,11.368257599989883,0.983517699115044,0.006715553294902227,0.6548145792560656,0.7851543186835753,0.6479688872711751,0.0,0.9912342762113597,1.0,2.455316761869774
moving_diagonal,0.0,10,6.744978773964971,0.9266592920353982,0.013911495422177012,0.4699642332362169,0.6199597016096522,0.454992704420366,0.0,0.9912342762113597,1.0,5.370379447239756
moving_diagonal,0.3,1,12.219741267079927,1.0,0.0014510568554312198,0.8986707954543526,0.9464508324686285,0.8986707954543526,0.0,0.9912342762113597,1.0,0.5461338195087968
moving_diagonal,0.3,3,12.351339807573257,0.9880530973451327,0.004067763083531141,0.7578547164487339,0.8572968556532554,0.751086856273753,0.0,0.9912342762113597,1.0,1.5018492688452394
moving_diagonal,0.3,5,10.280858655314825,0.9384955752212388,0.007153554877359557,0.6296573433998708,0.7525917092009049,0.6055316678049042,0.0,0.9912342762113597,1.0,2.8102477801891474
moving_diagonal,0.3,10,5.997361186996339,0.8888274336283185,0.014718266078896803,0.4467596817084889,0.5905682389817635,0.4250980082313456,0.0,0.9912342762113597,1.0,5.830095668110078
moving_diagonal,0.6,1,13.4105753810137,1.0,0.005260257714479484,0.7106393993061746,0.83010377306876,0.7106393993061746,0.0,0.9912342762113597,1.0,1.9254149578884472
moving_diagonal,0.6,3,10.617807874832872,0.9274336283185839,0.007814795976037073,0.6067270256843208,0.7320505251412861,0.5794514150095053,0.0,0.9912342762113597,1.0,3.1505485059740237
moving_diagonal,0.6,5,8.200269116502103,0.8809734513274335,0.010430089295806489,0.525717415513641,0.6560676405728889,0.4915441985932002,0.0,0.9912342762113597,1.0,4.314756961422319
moving_diagonal,0.6,10,4.7179584011346964,0.8192477876106196,0.01686729964959873,0.3975859739876487,0.5297292428893483,0.36693656786992535,0.0,0.9912342762113597,0.9375,6.976254138465293
moving_diagonal,0.9,1,6.527790885052838,0.9496681415929202,0.027007742737651174,0.3382402182850148,0.48381495184065415,0.3267396658879673,36.0,0.9912342762113597,0.2625,10.557294496641754
moving_diagonal,0.9,3,4.960010331986734,0.8153761061946903,0.028925059342149884,0.2954232672281665,0.41768160500785834,0.2722448063660732,,0.9912342762113597,0.1625,11.875005596926812
moving_diagonal,0.9,5,3.8376262706142286,0.7261061946902655,0.0306021815304623,0.2643336874136012,0.37065713568613445,0.23616417172693152,,0.9912342762113597,0.075,12.931250576681455
moving_diagonal,0.9,10,2.2639746551182083,0.575,0.03457386684751893,0.2080385144692131,0.287204201519166,0.1781560686252761,,0.9912342762113597,0.0625,15.265764635878298
moving_fast,0.0,1,9.70885508167394,1.0,3.108398327116537e-05,0.997591533180778,0.9987895123270732,0.997591533180778,0.0,1.0,1.0,0.01430546238723043
moving_fast,0.0,3,13.55200536214167,0.9987831858407079,0.0031055725104555216,0.8334593830373975,0.9007237749877245,0.8328947661195828,0.0,0.9794781827800414,1.0,1.1571535636068238
moving_fast,0.0,5,14.12476094958554,0.9842920353982301,0.005999208771334916,0.7449511754133065,0.8294715396823819,0.7407250560181694,0.0,0.974344576643571,1.0,2.309777414096278
moving_fast,0.0,10,15.463648336248406,0.9398230088495575,0.012577709958177913,0.6224894797886764,0.7124841841495726,0.6157671576489661,2.0,0.9723744395195058,0.7875,5.1497622530961475
moving_fast,0.3,1,12.352315412297585,1.0,0.001210862439244942,0.9200832541330094,0.9566512311083214,0.9200832541330094,0.0,0.9833248718780503,1.0,0.48389427206267577
moving_fast,0.3,3,13.875996450735595,0.9884955752212388,0.0035647677178704644,0.8146047212589552,0.884094440449217,0.8097625567257992,0.0,0.9777558281000809,1.0,1.3884439294076856
moving_fast,0.3,5,14.113111418541456,0.9450221238938052,0.006351022945631286,0.7261006563897785,0.8042134275426018,0.7124177147051589,0.0,0.973336960364022,1.0,2.616733122581581
moving_fast,0.3,10,14.993093809250487,0.8982300884955752,0.01332513846501639,0.6030800653057344,0.6865899088107025,0.5922904205976585,22.0,0.9721062913950637,0.575,5.642091248666126
moving_fast,0.6,1,14.840353976224701,0.9998893805309734,0.004412512716174975,0.7901158454542369,0.8695304720365733,0.7900407059093679,0.0,0.9770958830777198,1.0,1.7163270815577072
moving_fast,0.6,3,14.54790871218702,0.9326327433628319,0.006738159828190346,0.7135775744453456,0.7907759627790998,0.696482583473896,0.0,0.9739498703627467,1.0,2.8724381801289964
moving_fast,0.6,5,14.476742031833194,0.8903761061946902,0.009082174748502318,0.6576699248478055,0.7338183557421233,0.6381865909646522,0.0,0.9724777226126452,0.9375,3.991912558297469
moving_fast,0.6,10,14.113007119125076,0.8361725663716815,0.01517463546965073,0.5647268694829048,0.6396188621327787,0.5486951159279135,23.0,0.9716621256048485,0.525,6.707128955485106
moving_fast,0.9,1,14.118042879860502,0.9288716814159292,0.02133632869899401,0.5195071609539431,0.6137771100094597,0.5084907040635473,25.0,0.955391401706741,0.5,9.302325890467781
moving_fast,0.9,3,12.994180356339857,0.8108407079646017,0.023353961794958744,0.4710579286817932,0.5504202421289823,0.4554492442363287,27.0,0.9551048274905651,0.45,10.681555395905113
moving_fast,0.9,5,12.155637117017426,0.726216814159292,0.025293884932745564,0.4303519139886614,0.49945820097489735,0.41542569717124217,28.0,0.9551048274905651,0.4375,11.937387199422837
moving_fast,0.9,10,10.788339707426987,0.5970132743362833,0.029454899966090197,0.3598550585891055,0.4149946167328661,0.34911194470084383,32.0,0.9551048274905651,0.3875,14.786346277830868
moving_with_noise_burst,0.0,1,8.89399335587145,0.9690265486725664,1.69548999660902e-05,0.998689882032668,0.9814946143414902,0.9677164307052342,0.0,1.0,1.0,0.03339666680533552
moving_with_noise_burst,0.0,3,12.34484788092451,0.9850663716814159,0.0026944161862778346,0.8256139625051487,0.8972577990233596,0.8139716540359971,0.0,0.9551620504336655,1.0,0.9922063363175069
moving_with_noise_burst,0.0,5,11.948589094641527,0.9673672566371682,0.00511472815643721,0.7106771338699595,0.8177210801736361,0.6927311976191415,0.0,0.9551620504336655,1.0,1.9379042987961355
moving_with_noise_burst,0.0,10,8.064698819119537,0.9133849557522122,0.010271843562789646,0.5389540296108246,0.6750577524727761,0.5138999522387184,0.0,0.9551620504336655,1.0,4.235578414598281
moving_with_noise_burst,0.3,1,11.348056394797988,0.9930309734513274,0.0009805583813722167,0.9296413652937126,0.9597127921303074,0.9227664090257732,0.0,0.9551620504336655,1.0,0.3876371420337628
moving_with_noise_burst,0.3,3,12.38220048417189,0.973783185840708,0.003139482310387702,0.8001818504132571,0.8774625246743014,0.782208892174878,0.0,0.9551620504336655,1.0,1.2138255819484485
moving_with_noise_burst,0.3,5,11.18112549309098,0.9320796460176991,0.005576749180513168,0.6839292256666537,0.7875242293364443,0.6510053519309313,0.0,0.9551620504336655,1.0,2.2584121694502803
moving_with_noise_burst,0.3,10,7.299675557188552,0.882853982300885,0.01097547191138239,0.514744999307214,0.6472450080525374,0.48312053402278743,0.0,0.9551620504336655,1.0,4.621896081848087
moving_with_noise_burst,0.6,1,13.180739601677118,0.9924778761061948,0.003790833050751667,0.7738284233604696,0.8681346500305613,0.7680429626409452,0.0,0.9551620504336655,1.0,1.4476435656471114
moving_with_noise_burst,0.6,3,11.356695585072398,0.9271017699115044,0.005846614671640104,0.674422416883875,0.7787027151131932,0.6389069850288099,0.0,0.9551620504336655,1.0,2.428428518079033
moving_with_noise_burst,0.6,5,9.402341398035665,0.8842920353982301,0.007875551034248899,0.5955494736637401,0.7091210627048511,0.5516375777797138,0.0,0.9551620504336655,1.0,3.3710014916542113
moving_with_noise_burst,0.6,10,5.886115191239045,0.8261061946902654,0.012459025658415283,0.4693758276508257,0.594291410253103,0.4280536328869367,0.0,0.9551620504336655,1.0,5.523358612850562
moving_with_noise_burst,0.9,1,7.072119425323867,0.9326327433628319,0.020070362834859277,0.40002212241541424,0.5471725987312153,0.3837019263203855,0.0,0.9551620504336655,0.95,8.224979267258584
moving_with_noise_burst,0.9,3,5.675096535306417,0.8297566371681416,0.021433819373799026,0.36038501956138685,0.4891719829680376,0.33133049299317757,16.0,0.9551620504336655,0.45,9.233239902667961
moving_with_noise_burst,0.9,5,4.6105271248804796,0.7586283185840708,0.022599468746467725,0.3305322510659228,0.44640963643708814,0.29523766847677513,,0.9551620504336655,0.2125,10.085620684403239
moving_with_noise_burst,0.9,10,2.910660031081046,0.6248893805309734,0.025419633774160733,0.27063561713561135,0.3624909028358951,0.2309987902570083,,0.9551620504336655,0.0875,11.955366988552493
small_moving_target,0.0,1,9.709300236777732,1.0,1.259657373194491e-05,0.9962500000000001,0.9980932203389831,0.9962500000000001,0.0,1.0,1.0,0.014842677994468211
small_moving_target,0.0,3,12.455568893689431,0.9982758620689655,0.0015353823759937297,0.6802379155924404,0.8085622432640569,0.6794946331020676,0.0,0.9602010051216727,1.0,0.9862315064695804
small_moving_target,0.0,5,11.249894372081512,0.9732758620689657,0.0028370283282947045,0.5317146523000034,0.6858852440882839,0.5244823622578705,0.0,0.9602010051216727,1.0,1.9288054578000093
small_moving_target,0.0,10,7.195921036954408,0.8758620689655172,0.005272365916470722,0.3621618703107463,0.5077982356889299,0.3468946829688127,0.0,0.9602010051216727,0.85,4.2112135298052085
small_moving_target,0.3,1,11.877082265365852,1.0,0.0005612473407233232,0.853989131585787,0.9208757409224285,0.853989131585787,0.0,0.9602010051216727,1.0,0.43246453304068366
small_moving_target,0.3,3,12.146086649706808,0.984051724137931,0.001727130220580002,0.6515049747850027,0.7831378770291169,0.6448865706984018,0.0,0.9602010051216727,1.0,1.152960532574851
small_moving_target,0.3,5,10.107007608851802,0.8995689655172413,0.003052569701041317,0.49390401779582227,0.6359068959758145,0.46951999223370483,0.0,0.9602010051216727,1.0,2.1920911245694397
small_moving_target,0.3,10,6.322050710441888,0.8120689655172415,0.005660060463553914,0.33077255602448813,0.4650603330584021,0.30989720446535224,2.0,0.9602010051216727,0.25,4.6045264237307535
small_moving_target,0.6,1,13.112070406526769,1.0,0.001984660172433098,0.6237596815145786,0.7672055459147085,0.6237596815145786,0.0,0.9602010051216727,1.0,1.4537501133809405
small_moving_target,0.6,3,10.65851417752747,0.8836206896551724,0.003116952189004591,0.48487271579178354,0.6238456515516775,0.45632226403328097,0.0,0.9602010051216727,1.0,2.3772394212434964
small_moving_target,0.6,5,8.049151805146545,0.8004310344827588,0.004173664763184414,0.3924315478004492,0.5231822190765237,0.35851240320558586,0.0,0.9602010051216727,0.9875,3.3134170642194136
small_moving_target,0.6,10,4.815635643998531,0.7146551724137932,0.0063346769678647415,0.2841517442986267,0.3999461689641331,0.2567902662047981,,0.9602010051216727,0.0875,5.506806185501501
small_moving_target,0.9,1,7.529968547062029,0.9224137931034482,0.008971559735751877,0.2740602140240158,0.4078621865889412,0.2618999346607443,,0.9602010051216727,0.1,7.572630772305689
small_moving_target,0.9,3,5.378889569111086,0.7081896551724138,0.00975394692643601,0.21566167356871885,0.3156810405799445,0.19402676379133238,,0.9602010051216727,0.05,8.647486794172753
small_moving_target,0.9,5,3.8299947174899005,0.5892241379310346,0.010294199977606094,0.18022062577725784,0.26117138399011175,0.15748376277585757,,0.9602010051216727,0.0375,9.56258203400454
small_moving_target,0.9,10,2.060860228853402,0.39698275862068966,0.011684021946030682,0.12037254793243854,0.17023985888441887,0.10231608926638402,,0.9602010051216727,0.0375,11.55796298364476
static,0.0,1,9.7207817384212,1.0,2.837362387924186e-05,0.9983344370860927,0.9991641583054627,0.9983344370860927,0.0,1.0,1.0,0.012084662997118155
static,0.0,3,16.689026346766042,1.0,7.093405969810465e-06,0.9995833333333334,0.9997909698996654,0.9995833333333334,0.0,0.9886281533887868,1.0,0.0031568686855160183
static,0.0,5,21.351586853736926,1.0,4.2560435818862785e-06,0.9997499999999999,0.9998745819397993,0.9997499999999999,0.0,0.9858141990614302,1.0,0.0020155644370746548
static,0.0,10,29.40467326035481,1.0,5.674724775848372e-06,0.9996666666666666,0.9998327759197323,0.9996666666666666,0.0,0.985692319542747,1.0,0.0026874192494329174
static,0.3,1,13.191226140857196,1.0,9.93076835773465e-06,0.9994166666666665,0.9997073578595316,0.9994166666666665,0.0,0.9951696709155492,1.0,0.004327262668663859
static,0.3,3,18.731742314299172,1.0,8.512087163772557e-06,0.9994999999999999,0.9997491638795987,0.9994999999999999,0.0,0.987325992611176,1.0,0.0038461436709922117
static,0.3,5,22.796873812667133,1.0,9.93076835773465e-06,0.9994166666666665,0.9997073578595318,0.9994166666666665,0.0,0.9851750628654558,1.0,0.004620384525138033
static,0.3,10,29.38293165791805,1.0,5.674724775848372e-06,0.9996666666666666,0.9998327759197323,0.9996666666666666,0.0,0.9851750628654558,1.0,0.0026874192494329174
static,0.6,1,19.160536234720933,1.0,9.93076835773465e-06,0.999417770419426,0.9997076365663322,0.999417770419426,0.0,0.9898498736840668,1.0,0.004184996778073359
static,0.6,3,22.96790050986263,1.0,9.93076835773465e-06,0.9994166666666665,0.9997073578595318,0.9994166666666665,0.0,0.9853198557336513,1.0,0.004620384525138103
static,0.6,5,25.89600248400722,1.0,8.512087163772557e-06,0.9994999999999999,0.9997491638795986,0.9994999999999999,0.0,0.9851750628654558,1.0,0.004010128201449945
static,0.6,10,29.070744111323478,1.0,7.093405969810465e-06,0.9995833333333334,0.9997909698996654,0.9995833333333334,0.0,0.9851750628654558,1.0,0.0033592740617911466
static,0.9,1,28.428042791350105,1.0,5.674724775848372e-06,0.9996666666666666,0.9998327759197323,0.9996666666666666,0.0,0.9851750628654558,1.0,0.002522220926694013
static,0.9,3,28.205132248141684,1.0,5.674724775848372e-06,0.9996666666666666,0.9998327759197323,0.9996666666666666,0.0,0.9851750628654558,1.0,0.002522220926694046
static,0.9,5,27.972398484251556,1.0,1.418681193962093e-06,0.9999166666666668,0.9999581939799331,0.9999166666666668,0.0,0.9851750628654558,1.0,0.0006718548123582293
static,0.9,10,27.411727872895135,1.0,2.837362387924186e-06,0.9998333333333334,0.9999163879598661,0.9998333333333334,0.0,0.9851750628654558,1.0,0.0013437096247164587
two_anomalies_static_dynamic,0.0,1,8.846876423802765,1.0,3.564909879078257e-05,0.9983993982208268,0.999197152461934,0.9983993982208268,0.0,1.0,1.0,0.027462139518337543
two_anomalies_static_dynamic,0.0,3,13.10792138159836,0.9996778350515463,0.002576716860597764,0.8960030688934326,0.9449195363860339,0.8957474068256339,0.0,0.9779493703022495,1.0,2.256239305437442
two_anomalies_static_dynamic,0.0,5,13.569336183600715,0.9930412371134022,0.004825462012320328,0.8208827366271404,0.8985291306511698,0.816243361248795,0.0,0.9779493703022495,1.0,3.716042453911322
two_anomalies_static_dynamic,0.0,10,11.032918835812618,0.9691365979381444,0.009471252566735113,0.6971583899955159,0.8099239386230644,0.6826698785708971,0.0,0.9779493703022495,1.0,5.846572528125029
two_anomalies_static_dynamic,0.3,1,11.564393645164126,1.0,0.0010010266940451745,0.9568521918779442,0.9779181027188463,0.9568521918779442,0.0,0.9779493703022495,1.0,0.9393825085555729
two_anomalies_static_dynamic,0.3,3,13.512076500805255,0.9948453608247423,0.0029360597764088526,0.8827600586804281,0.9353440727166926,0.8787729569488467,0.0,0.9779493703022495,1.0,2.434070470277027
two_anomalies_static_dynamic,0.3,5,13.059892616944007,0.9733247422680413,0.005142026009582477,0.8082391172323872,0.8828795610776284,0.7910392488716764,0.0,0.9779493703022495,1.0,3.6060729422730446
two_anomalies_static_dynamic,0.3,10,10.495966467268243,0.9516752577319588,0.010055897786903948,0.6807187287203507,0.7925879288314472,0.6588464706826054,0.0,0.9779493703022495,1.0,5.913390722843775
two_anomalies_static_dynamic,0.6,1,14.39745046921917,1.0,0.003633356148756559,0.8595984648213207,0.9243269269341379,0.8595984648213207,0.0,0.9779493703022495,1.0,3.0169089146637287
two_anomalies_static_dynamic,0.6,3,13.355560289257403,0.9689432989690723,0.0055484257357974,0.7957107377512503,0.8734428160866703,0.7760566084225811,0.0,0.9779493703022495,1.0,3.782125066971011
two_anomalies_static_dynamic,0.6,5,11.928853512859424,0.9487113402061855,0.0073166210358202146,0.7437644708275564,0.8331858929120308,0.7152854864590186,0.0,0.9779493703022495,1.0,4.516873441624216
two_anomalies_static_dynamic,0.6,10,9.649413162873852,0.9253865979381445,0.011456194387405885,0.6469808683768837,0.7597795230266823,0.6155727614639417,0.0,0.9779493703022495,1.0,6.219971976324485
two_anomalies_static_dynamic,0.9,1,12.840779313087339,0.9800257731958762,0.018557494866529772,0.5557439047210615,0.7024737465045497,0.5468339455095071,0.0,0.9779493703022495,1.0,8.808526485384409
two_anomalies_static_dynamic,0.9,3,11.495404539497274,0.9262242268041238,0.01987936344969199,0.5271397984974272,0.6642353083533719,0.5036136531770488,0.0,0.9779493703022495,1.0,8.799014664659197
two_anomalies_static_dynamic,0.9,5,10.549784332245926,0.8925902061855673,0.020977355692448095,0.506780936386604,0.6378663104918931,0.47510391966292714,0.0,0.9779493703022495,1.0,8.869898737699467
two_anomalies_static_dynamic,0.9,10,9.369673432704825,0.8350515463917525,0.023619666894820902,0.4660919193054718,0.5873761441045378,0.4240495222244454,0.0,0.9779493703022495,1.0,9.197792730113235
