1.635145758458022840e+02,6.849160376285466612e+01,4.415995810376215758e+01,-3.358171896508110166e+01,7.544180714464941673e+01,1.636954561976544369e+02,1.630287876102975702e+02,9.242016346000523797e+00,1.645941571950082221e+02,-4.352133125955503345e+01,1.989905069351926841e+02,1.518934282987771383e+02,4.600121908184816988e+01,-5.201823903879797939e+01,1.121049820337560590e+02,-5.037171591020238992e+01,1.324807752435041834e+02,3.519628383763517121e+01,9.008016287879171102e+01,1.187890846487071741e+02,9.348744878980851070e+01,2.132689303109280559e+02,1.489668146968270150e+02,1.088997359258492139e+02,1.769966384035370410e+01,2.119693190081761429e+02,3.797587047849048769e+00,1.069369544606679625e+02,2.777211265769352053e+02,1.209979675293126746e+02,1.062444901629433360e+02,-1.260153711379885344e+01,9.196115142069415072e+01,1.049065525092096465e+02,1.255026571316264352e+02,-3.590314083838918435e+01,1.017513196683417078e+02,2.240308689502867523e+01,1.520725925051813192e+02,9.677551334732469002e+01,2.211831923720097564e+02,1.410210615357953827e+02,6.312567899859899256e+01,1.305357716772092935e+01,1.008704689708927873e+02,8.705614194797205130e+01,1.303858716460659366e+02,-1.658771512298428874e+01,3.727211263022666543e+01,2.534802794104784311e+02,3.812402196157193401e+01,1.217284566195075826e+02,3.767751219001524277e+01,5.253470802628611835e+01,1.081232405655718622e+02,1.275857251100020875e+02,2.145413383576766080e+02,5.006353511154414804e+01,-1.438615046334134995e+01,1.891781178170681414e+02,1.230834312890394102e+02,9.120942985143541648e+01,1.965823574020752744e+02,1.409732166073318353e+02
9.766285284875662853e+01,-3.523646535565915627e+01,1.529593528879047142e+02,7.344001176532442798e+01,6.583974184515283268e-01,2.360866933450722271e+01,1.661437171859958255e+02,1.589531929154119609e+02,1.732543547712239445e+02,1.296328468871621169e+02,1.300309532327403588e+02,1.240882325579839431e+02,-1.204217347616775902e+00,3.217814794505002141e+01,1.477249196703666883e+02,-3.336901272170677402e+01,-7.076376509385084113e+00,-4.169162783398405026e+01,1.082316313234521346e+02,3.444188093206789603e+01,8.003558490861094299e+01,1.126467343427250825e+02,-7.208687156934344387e+01,1.185611004530073700e+02,1.031060428298147116e+02,1.485073482795584425e+02,1.086502246161025056e+02,1.135404378962867469e+02,1.980201866574659846e+02,6.922162165983179705e+01,4.772859446431353803e+01,5.594679950684521685e+01,9.648764238097128043e+01,4.247979903571063431e+01,1.391105609384268575e+02,6.498456499226533367e+01,2.170046699403016248e+02,2.872633067561025300e+01,1.845603310561827115e+01,4.534108621454534926e+01,1.341410557758493098e+02,1.502035507474630265e+02,2.792888590006370109e+01,-2.984278480333557027e-01,3.573856783667394410e+01,7.547104374836520435e+01,1.891130145998509420e+02,5.232874882921122861e+01,-4.665729231607684113e+01,1.359660151487140638e+02,2.234215818486262251e+01,-2.942363527616009478e+01,3.483756237461221161e+01,3.930491861225959127e+01,3.792388996117778532e+01,1.442378468497373660e+02,4.840260378458082435e+00,6.984925652417926756e+01,1.834772544251350439e+02,9.283228579031187166e+01,1.287393264747471449e+02,-5.209621469326463306e+00,1.245685333874923941e+02,7.065484028112577164e+01
1.451525582241152961e+02,5.635165681914244118e+01,1.564912468597689781e+02,5.625146511114564163e+01,3.195841831198364602e+01,1.091113301498580626e+02,8.936528682115250888e+01,1.147833308356993420e+01,1.195111001516479945e+02,5.488033885203690687e+01,1.065671473476470368e+02,2.227947344480618312e+02,2.031438864049661319e+01,6.837632078715570572e+01,2.667143487888878539e+01,5.392422810235330388e+01,9.873066859142907958e+01,2.536190072630617109e+01,1.023002972119435441e+02,3.716964684876699465e+01,4.914242657543254467e+01,1.464751823879950337e+02,1.785880238815095993e+02,1.909809738975809168e+01,1.778370073628465491e+02,2.257687539021446526e+02,-4.804134468283648829e+01,1.906464280081898437e+02,2.004962125282005729e+02,1.209445975740130876e+02,1.345847299858426709e+02,1.464764951395913499e+02,8.606093783862787916e+01,1.072672298009891136e+02,2.166724754407489399e+02,-4.563061612596896310e+01,1.282199567361530228e+02,3.249118373416236949e+01,3.690132447022875084e+01,-7.241623780362970386e+00,1.128143303612993833e+02,9.556436780018272259e+01,1.046778568737138784e+02,-1.850419951425763188e+01,9.399545928951978624e+01,5.799516930222736022e+01,7.362813098152896885e+01,-1.468760520877409981e+01,2.302570477272780280e+01,2.320002106653617773e+02,3.048635700872992160e+01,2.752727899295592451e+01,1.963076906529969961e+02,4.433770061451624400e+01,7.081697915083394435e+01,1.345449973567447159e+02,5.797242393450473941e+01,1.086138678205727928e+02,1.725968517613196411e+02,1.687449074148971988e+02,1.723486534884521575e+02,5.692520541522582533e+01,6.624967755852749463e+01,5.599995152207880977e+01
-4.825912025889777368e+01,1.260841695817305066e+02,1.903414115906442987e+02,-6.210024161479309690e+00,5.090440517374616292e+01,7.678521651373058887e+01,9.880946633549213232e+01,-1.601290378747676968e+01,6.435764656043118315e+00,5.095485688269007341e+01,2.299340479340550019e+02,1.256066506514663530e+02,1.289082848368039258e+01,3.352352206045238603e+01,5.854145383619168541e+01,4.631470212466125957e+01,4.827073118605084545e+01,-2.019594902513687895e+00,6.115211320878443324e+00,-3.698448823952204378e+01,1.231227739633133780e+02,8.049354388512951175e+01,7.519480168260982111e+01,9.414217507348608649e+01,1.482494713252790746e+02,2.244026063595860592e+02,6.976175523902837483e+01,9.263143314637288483e+01,1.640861680665572635e+02,4.835728810439476177e+01,1.312154174065937866e+02,4.646593901727057840e+01,1.814628749149171654e+02,5.535050295364384709e+01,1.389255840064329277e+02,2.904769802585249394e+01,7.262706181148102758e+01,-2.961236268630429080e+01,6.870765920119480619e+00,4.456862248254366676e+01,2.022597690321425716e+02,5.024244133053911554e+01,1.849116944967476783e+01,-1.344561728968684911e+01,9.737656353978606205e+01,-1.746022915405375997e+01,9.844434807435574442e+01,6.000896131430621239e+01,1.589380066683076791e+02,1.179619406209475443e+02,7.672164163574633733e+01,8.689573671469828753e+01,1.078174376889506760e+02,2.520361281357352468e+01,1.084875842111365642e+02,-3.829793472220898831e+00,8.017015451677876570e+01,1.965563809392278642e+02,9.523805939579686708e+01,1.435453447666823195e+02,2.674453817739674264e+02,6.928220985802367693e+01,1.696854067878561239e+02,7.438310887240005798e+01
-1.821705665161488019e+00,8.133229931583938921e+00,8.868354807942678519e+01,2.328042326915635485e+01,5.103504304493355193e+01,5.099451535226506138e+01,4.926001967122672198e+01,-9.737910279286053594e+01,8.517581052824850474e+01,6.785130456750108863e+01,1.808051845462621259e+02,2.444082706127836673e+02,-6.150204310122474993e+01,-6.923473886377705888e+00,-1.059443857238662012e+01,2.225832227464863067e+01,-5.551968284054353120e+01,3.174191585380014757e+01,1.001810149715787048e+02,4.403255730762722209e+01,4.483896797218277896e+01,1.282698131099379850e+02,6.827436074576807812e+01,9.789867776888171136e+01,4.849222900666915592e+01,2.699304623591025347e+02,3.136494951672119313e+01,1.636664739073978296e+02,1.558898647374462314e+02,5.392372770858244024e+01,4.319946636144322127e+01,2.191058477838403178e+02,4.501987245388860259e+01,1.010560612630051338e+02,1.338486833642349154e+02,6.095002764716638666e+01,3.399945768203237861e+01,8.684950643518261870e+01,-6.506017776963800570e-01,1.683165594564605954e+02,1.901808608285371065e+02,1.088307399178311954e+02,-6.493050513967090431e+00,5.504098228108488655e+01,1.015551580097806408e+02,1.522523433800770647e+02,4.947633207708079084e+01,-1.378011340162465785e+02,-5.725574719743774921e+01,1.954080843455940624e+02,1.141983663957901598e+02,7.129662544622659937e+01,8.909128314780188873e+01,-6.485435868519572544e+00,1.268305368541611102e+02,8.759027447693411261e+01,1.538202748135652769e+02,6.284287289144429423e+01,7.397716982948664111e+01,1.932818892331766563e+02,2.257050505777513365e+02,6.582254948197528677e+01,1.305614067105053948e+02,4.771067903677205635e+01
5.715930505845178544e+01,6.156320591808039211e+01,1.260637431297339930e+02,2.185751643404287492e+01,1.364559606731319041e+00,6.602471724095336469e+01,1.236766804243671771e+02,8.147681971779617527e+01,1.848311340096664139e+02,-2.508344751674939843e+01,1.306310333623272584e+02,2.088103268168772502e+02,6.907800052946554104e+01,-5.475509328540794485e+01,1.191055792232553614e+02,8.515891376985605632e+01,2.613565440032772003e+01,1.235363245513098995e+01,1.100564054372199365e+02,-6.292460958432499041e+01,8.853780780109231330e+01,7.921784874822533595e+01,7.587735720395725991e+01,1.136832211643401394e+02,7.692357758024569137e+01,2.371402144198952726e+02,-2.416728418932478561e+01,1.403191445103146577e+02,1.897411625919609151e+02,9.670335879148338165e+01,2.381647715266054988e+01,9.363502667172339500e+01,3.360362499371660205e-01,-7.776930526048885461e+00,2.030708477905207303e+02,5.470801187756890016e+01,1.598621276390765615e+02,1.641719032363652886e+01,7.238346551874384716e+01,1.318440400376097159e+02,2.554767763127685214e+02,1.248942072916925241e+02,7.112144202867652609e+01,-1.086115583106561466e+01,1.028880896442707495e+02,1.185589110268558812e+02,7.091843556317199671e+01,1.451786580721758746e+01,4.912861043937510175e+01,7.297222877156171705e+01,1.591782796277918237e+02,7.052727383367594882e+01,6.656661329564882124e+01,-8.196603680854506635e+00,6.033116271044746526e+01,1.096021453124151748e+02,9.415191341854976415e+00,1.212556041889634031e+02,1.313369009026565664e+02,1.443981609212663102e+02,1.266371409207600465e+02,4.944066851857441947e+01,8.403352804240425655e+01,1.501553691856116579e+01
6.658282899723032244e+01,1.551680792778675482e+02,2.748695329275463095e+01,1.832875396878818819e+01,2.364759525175230337e+01,2.043121859352403362e+02,6.128382407206699867e+01,7.186273611790026905e+01,1.095760229147479805e+02,1.114942423887654712e+02,1.001791425869313770e+02,1.694812118199884026e+02,-4.508192234613516547e+01,-7.301196557278898069e+01,2.789471484483385311e+01,2.294624562683366946e+02,-3.907507627509687165e+00,1.288605257323105207e+02,2.692191572311485857e+02,-9.959560791283903924e+00,3.191325777880393488e+01,1.538504294419595624e+02,8.774001533247142959e+01,1.695106522605626935e+02,4.384177244949326990e+01,1.133671833498439554e+02,-7.832041668542898627e+00,8.095511516614804748e+01,1.786483032611307635e+02,2.066169211447643406e+01,1.609172101297850759e+02,1.626712139257690808e+02,1.263710249696181478e+02,8.107468758824508370e+01,1.394570986636089742e+02,1.292888892299614838e+02,8.975023701545124766e+01,6.690978657406530772e+01,2.674061966470020124e+01,4.261124497828560465e+01,1.613691851602538634e+02,1.802110016347668591e+02,1.346368297669542073e+02,-6.759071496809097823e+01,2.882955809182518792e+01,1.208811873762982536e+01,1.914278820730252733e+02,-4.376891813855365143e+01,6.676525869426795623e+01,1.221928199911736925e+02,5.810989896968265356e+01,6.858948903074589509e+01,4.959793493855001856e+01,1.243177563097219540e+01,1.721121068156250260e+02,5.851822845821529739e+01,6.853174578367314496e+01,9.840569238264150442e+01,1.666341184452413131e+02,1.404876218675354664e+02,2.015949432506935750e+02,6.925386917195906733e+01,8.571438979183552931e+01,2.295464882919872807e+01
1.110915663067757322e+02,1.020505288104267407e+02,2.538810609416408397e+02,7.174190419991786882e+01,3.990551858521484263e+01,5.256229419678958692e+01,1.009483183556092314e+02,-3.974605256393814301e+01,-1.138248911898287297e+01,3.318869744388663179e+01,1.004620413509016288e+02,1.971141097159900539e+02,1.882669367948785748e+02,-5.132325764529709744e+01,1.611485472404083623e+02,1.354213254504798840e+02,9.402780053324731213e+00,1.387701966937271258e+01,2.211901631225643143e+02,-6.960816059544681877e+01,5.961149230033768021e+01,1.699105925988319825e+02,1.543098191625347049e+01,5.453263068115887080e+01,8.869442894621214180e+01,1.292082678623351626e+02,7.945672734175344942e+01,9.056455455134225474e+01,1.743259035494659486e+02,3.379947504766888500e+01,1.153944881853163764e+02,1.474189890016574793e+02,2.419644196185899148e+02,-4.194644160993020954e+00,2.159803954189243029e+02,4.586075769319463546e+01,6.848563926755700493e+01,5.918679299021788864e+01,-1.148265680623872100e+02,-5.054372170256726093e+01,3.113460913234611098e+02,1.257509289973590541e+02,6.722986120895056672e+01,1.144501255932794805e+02,1.372636687995587295e+02,1.174315433661199251e+02,7.559825383331995852e+01,-4.571644678055263711e+01,-9.020263917225433303e+00,1.157654644359240450e+02,-2.785958990383363343e+01,1.488690183968799090e+02,1.110853306888870264e+02,3.937959700364145732e+01,7.892519895680293018e+01,6.045810992567623288e+01,7.887942656266132246e+01,-7.365252338331628401e+00,1.626566571842679991e+02,1.176993880879883960e+02,7.073158323160909333e+01,1.117050779721573264e+02,4.772115609865678465e+01,1.102415256578836846e+02
1.023967057478536304e+02,5.334733127204670922e+01,1.264576618689616652e+02,2.399778754282877102e+01,1.135330661572453215e+00,1.810461832817189247e+02,1.262167228799348919e+02,1.070689875884767019e+02,4.480506321762333499e+01,1.324409997646824593e+02,1.141798796848725175e+02,1.716328719360226955e+02,-4.249715469049063898e+01,4.470330277479560976e+01,1.510950700602364520e+02,1.335476371775889675e+02,2.512806738721451083e+01,1.248473737121891105e+02,1.934134858387892280e+02,2.061279950726912702e+01,6.099234374437045147e+01,1.984395325135501480e+02,7.348733852303722358e+01,7.224165622456978042e+01,1.560369510633207994e+02,2.401423690266746007e+02,1.926981211397560179e+00,6.993866369677802197e+01,1.428853361630899315e+02,1.015146289666368631e+02,8.891997089834900692e+01,8.378229301486682346e+01,1.419581183803586271e+02,4.784847348346942653e+01,1.427167266067285993e+02,3.911111847454406654e+00,1.215458575091865470e+02,-6.746637816705812440e+01,5.235410271620110301e+00,2.985680561122805088e+01,1.561323967171901188e+02,1.476411635482399447e+02,8.632344031660464623e+01,2.239734023703476495e+01,1.833943658451353258e+02,2.806588476786941655e+01,-1.477096818218725893e+01,-8.922195182270441194e+01,-2.849177974360017274e+01,9.068241922678409139e+01,-1.425281554734425349e+01,-2.855803242169940503e+01,5.906397805715001681e+01,2.398170488104866749e+01,1.879868554923724560e+02,9.458793984498113616e+01,1.180168432330041952e+02,2.902057710407745716e+01,2.149734881572662175e+02,3.828256115419036831e+01,1.793999457396999446e+02,-4.522027327613641745e+01,9.089004269702270733e+01,1.028871950232712464e+02
6.744277012336040400e+01,-4.845820784167286632e+01,2.031733698572679430e+02,4.301297143358694797e+01,6.156613891192818500e+01,3.849782586762272985e+01,1.353955889479507562e+02,7.672045925994906668e+01,1.226537352689405083e+02,5.979735703878218800e+01,1.592207918403864824e+02,4.244174148482215259e+01,1.045877051355503653e+02,-1.217246282987360786e+02,1.333703711202005309e+02,5.589529503327027982e+01,3.985148349325839234e+01,-3.952216989402401026e+01,5.126648906923491467e+01,1.354370355128864105e+02,9.634213418490132597e+01,7.227192097039035446e+01,6.396350396880023226e+01,1.183514982798783279e+02,8.654096302542767205e+01,1.502167370777129634e+02,1.121475705421204161e+01,6.504187580915753131e+01,1.922163055604997055e+02,9.480416668825596105e+01,5.184686197656773032e+01,2.182700238276602249e+02,1.976015086466275932e+02,1.525874888224087726e+02,1.617370014559859897e+02,3.761996300299940543e+01,5.590835657152126004e+01,1.109741821995413460e+02,-8.702641328950376476e+01,-3.816790411486081069e+01,4.222666893296533175e+01,1.232196302514587529e+02,2.399301598554614756e+01,1.172656905640501037e+02,3.007563643118160357e+01,6.162184390507973575e+01,8.203727067748188517e+01,4.366913619904266142e+01,2.097102924807358804e+01,1.818082380757423948e+02,3.432032905230641262e+01,1.036620054899905909e+02,3.239303689062111147e+01,-2.092448560473414076e+01,3.594516533729218821e+01,7.393469896221914439e+01,1.800978899672678040e+02,1.379679454729831605e+02,5.743755843745645251e+01,2.074521190041700152e+02,1.561993164741259648e+02,1.301929290820069518e+01,2.103681505729148853e+02,2.667417914974378945e+01
1.978561660108901492e+02,1.183421755298397073e+02,1.566242531334971204e+02,3.262736776514784509e+01,3.719045826038324520e+01,1.076541728827429125e+02,1.828875732045709128e+02,-5.135199964660940708e+01,8.492854609327692117e+01,1.746657895882463833e+02,1.544988945089364734e+02,2.299013026881624171e+02,-1.597885726338787826e+01,-6.737887905075011474e+01,1.165618936062706581e+02,1.295221732844353539e+02,-3.178607614611194876e+01,5.305398275003980046e+01,1.664288201325802845e+02,-5.109587930594016569e+01,4.618968562883906515e+01,1.275977342961809171e+02,1.425271824028406513e+02,8.434906801797480114e+01,1.771367912122734083e+02,8.177832279940842852e+01,-3.964986131297364835e+01,2.150398518785401052e+02,1.543094213726447776e+02,3.394324178307427786e+01,1.056134894987792308e+02,8.386323792084480999e+01,1.307174548452749541e+01,1.027612896400853373e+02,2.195190973798055438e+02,-1.170404174821726206e+00,9.241459125766125737e+01,-5.508516989500832750e+01,1.660725273158192010e+02,6.453321761670237322e+01,1.823161766209224481e+02,1.069825701494941796e+02,1.337788192873112507e+02,3.747923653723005799e+01,5.665524157638656533e+01,1.421858884378401626e+02,1.360524767642700965e+02,1.088197949470348505e+02,1.348275238803431080e+02,1.986484496425688633e+02,1.313167058164310390e+02,7.821154738278933394e+01,6.539631733559757265e+01,1.723200187209172540e+01,-6.797850666790948537e+01,6.690483527789224638e+01,7.289492451638678006e+01,1.465947362143004966e+02,1.023185075895938070e+02,1.206119725934762101e+02,1.991734271886258227e+02,1.615083892196444708e+02,1.150057834100159795e+02,5.864630221648069863e+01
6.506099819665321604e+01,2.537547989591714881e+01,1.294610804233542183e+02,1.877632425157926477e+01,1.072222187861626566e+02,1.497578536381105323e+02,1.441168779516388270e+02,5.353266236314268411e+01,2.460940057834370691e+02,8.619071761630790718e+01,9.955441316860101608e+01,1.282528516681757651e+02,6.710732069405976574e+01,-3.256483885607507744e+01,6.643851349164008013e+01,6.474876922766269161e+01,4.296759577284702658e+01,1.979537601539682328e+02,2.327301078519638722e+01,5.251012698668233014e+01,8.556539007846807010e+01,1.339228651795032192e+02,5.582568658191177491e+01,9.927713129149749705e+01,9.416899790233300394e+01,4.093527816273478237e+01,1.858233410700904364e-01,1.743415292453142911e+02,2.562849340915107064e+02,2.015479217671866934e+02,6.315721650240745788e+01,9.304533843463856613e+01,1.964759719868424952e+02,5.068021720493475613e+01,1.715454314623165715e+02,-1.311258434890660673e+01,7.106242589260956777e+01,4.875520223288631172e+01,-4.803654997944661176e+01,-3.905131919568204779e+01,1.771942566365147513e+02,7.995966549501075349e+01,4.730636529641784449e+01,2.845143557168583115e+01,1.797865162183498171e+02,1.405932770279782744e+02,1.275713654766974372e+02,8.979478905928316124e+01,9.384896151019005117e+01,2.970905559784852699e+02,1.094422393678406848e+02,1.539232723576588739e+02,1.175999615673717216e+02,-1.131946189394383673e+01,1.398959228934515124e+02,2.012564003907257586e+02,1.830398481971861884e+02,4.659244763676183965e+01,1.378315461414203185e+02,1.561329527846488645e+02,2.733900469055860754e+02,9.656404717537368754e+01,2.199745550370834835e+01,4.138760661005490959e+01
-3.283878217157364787e+01,-2.261324733625613348e+01,2.714623237467960735e+02,1.041360736129703781e+02,9.130873655021075308e+01,2.597610734627053475e+01,9.565916900946545809e+01,1.646158028075994366e+02,1.348701154617159830e+02,2.681567394651196068e+01,1.763027284886753137e+02,3.185863672419131021e+01,8.464564760499725082e+01,5.555855260261920847e+01,1.128921411780225839e+02,4.891871004213398777e+01,1.596899586065347592e+02,1.316939518754444975e+02,1.905681827633287355e+02,3.341906777905023063e+01,-1.056917778532451102e+01,1.761297476345013706e+02,5.794331354351810859e+01,1.506837180003550429e+02,2.876705427636849421e+01,1.313409695091749256e+02,2.145083666604818529e+00,4.938434714025773786e+01,2.330888056068402818e+02,1.273306815329888622e+02,1.218993484669361607e+02,2.851348200145764054e+02,1.170470766052922187e+02,1.268487368033532681e+00,1.736837369882948394e+02,3.845605756715996648e+01,6.617782787676772216e+01,2.989882024628797708e-01,-8.277985858953228160e+01,-2.116032726062755032e+01,1.339865896477831768e+02,3.050088258449434520e+01,2.954003945072613746e+01,6.626462532111076165e+00,1.402951468724822064e+02,1.596885197569619379e+02,1.061141583098112875e+02,1.956816507506786351e+01,1.007124009086979122e+01,1.381977949456824888e+02,4.807550664409631480e+01,1.355586265550989538e+02,7.852385536786242426e+01,7.857520520238024631e+01,1.219581297747573814e+02,9.117671233740408354e+01,9.931355170902376983e+01,-1.429404385078214323e+00,1.741164635568281653e+02,9.885359022892002656e+01,8.762492733929148869e+01,1.060038318796863024e+02,2.204051302157061514e+02,4.634976807240675356e+01
7.028381748472865809e+01,1.096257089648666607e+02,2.705881184351887896e+02,3.040724595733123792e+01,3.547019460565791604e+01,2.892373923923940637e+01,1.133795568553530444e+02,3.235709965121457810e+00,7.138158334525355997e+01,1.697117382855495009e+02,2.753467888431337656e+02,1.247866036497846522e+02,9.693652853481891896e+01,-1.109027618705127196e+02,9.336271952511408756e+01,1.547577277571043624e+02,-4.316878068300055560e+01,3.713098939179814550e+01,1.903663647110142847e+02,-2.992489474333836696e+01,5.333020637650064799e+01,1.196764779772152423e+02,2.035989646191893243e+01,1.061872536330277086e+02,1.060902269388819121e+02,2.044942929122050828e+02,-6.699257493636422423e-01,1.010603198314363596e+02,2.832231610724100506e+02,9.851808004537330987e+01,1.432945160687814905e+02,6.376813370936317682e+01,2.088729189519966312e+01,8.514497203426783756e+01,1.038318406480165237e+02,6.722217226657888034e+01,4.645679872377072428e+01,1.028705943330265740e+02,-3.861713721651226905e+01,1.596745600864757080e+02,2.203868894683047301e+02,1.301042572651844580e+02,5.448467619943996709e+01,1.359856841443018771e+00,1.510980148347051681e+02,1.544238735857738902e+02,4.451702884287200135e+01,6.509292817025168709e+00,2.377113935754237772e+01,1.355538430555469347e+02,7.075489948205058965e+01,9.238307284729073388e+01,1.394766346765052560e+02,5.408767165349103578e+01,4.289342537973083580e+01,4.990191214107041873e+01,1.525420042280955784e+02,1.407732285152895884e+02,1.831584840076061198e+02,2.280594764526355505e+02,8.884990148576575564e+01,-1.082761719626290464e+01,1.054488100915129536e+02,2.282134545890101762e+01
4.230086568748347275e+01,1.295079389159070331e+02,1.671674551653623269e+02,8.362091904476896786e+01,-4.106603733404767098e+01,1.052374420637214172e+02,1.554672529754163861e+02,2.148260439289728296e+01,1.395841568463396021e+00,2.062131071127737059e+01,2.027846360511453554e+02,3.362712782362108754e+01,-3.937229313155653898e+01,4.074572737859937632e+01,1.508772875641994631e+02,1.260094313653148248e+02,4.269771325704495979e+01,1.861256437775793131e+02,1.216515658056138562e+02,-3.969024316470281377e+01,1.694700853692054636e+02,1.801178339379205511e+02,3.331930180205943781e+00,9.023337485025705007e+01,6.389959837607150206e+01,8.254997174210741662e+01,7.013699369062818789e+01,1.119098007781538087e+02,1.529692006546845278e+02,1.182064886767974912e+02,1.036836841547206092e+02,2.416882924738849852e+02,5.869213449694043305e+01,1.301340766817204724e+02,1.415483677069672979e+02,-2.333786306056850535e+01,7.869301880001343363e+01,2.721146753712488575e+01,6.168920826814527203e+01,1.042224443907890787e+02,1.528917204921320376e+02,9.753846615359050531e+01,7.934809100165195161e+01,5.523992293721135383e+01,1.183374021525906841e+02,1.043782284403604734e+02,1.892714597233613176e+02,7.643106631478600832e+01,-2.594814889533835967e+01,2.049550268525379408e+02,9.871573995887671060e+01,1.900380581900229231e+02,6.637053722373663334e+01,-4.906330888312381688e+01,9.358500156277925441e+01,1.601225565261543409e+02,1.003040704127044904e+02,9.263732351882934779e+01,4.089154195598964492e+01,1.051736432478911212e+02,9.199064640226238510e+01,6.715300410986556301e+01,1.608593720279216299e+01,1.286905704886542594e+02
-9.778593459586202741e+00,-5.767367821229995428e+01,1.706672056070779036e+02,-1.690776240916846618e+01,3.905231714833589507e+01,8.895888827771257468e+01,1.212860363507317487e+02,3.133978680232018732e+01,2.041797999423166914e+02,1.114337945616661187e+02,1.319910197962847747e+02,1.055266006544819248e+02,-2.278539699789305573e+01,-4.693715133470276868e+01,1.187926379777159838e+02,1.314549428831135174e+02,2.141955363841318771e+01,3.347068924703932424e+01,7.687075670936847871e+01,4.304994413244499896e+01,1.030751099120763428e+02,6.999130534444118723e+01,1.350098550544131797e+02,3.251030240560836404e+01,5.369465358775470776e+01,1.314750574445966258e+01,5.860069890220031397e+01,1.464145283185835638e+02,2.001095773515259850e+02,1.682995790017293984e+02,6.489646209804077159e+01,8.324707023747988899e+01,1.528105726471551122e+02,7.358268792154730420e+01,1.917046952062406433e+02,8.113448012867506520e+01,1.663446046137550809e+02,-3.192900903181694261e+01,-4.356003683456676612e+01,8.293209497542973452e+01,1.129769386758461138e+02,1.168047293277574141e+02,1.310165571058341243e+02,-8.850092294920839819e+00,-3.240157388617603385e+00,1.105423667287830227e+02,3.856229982446279081e+01,7.495598117683853445e+01,4.561642772165085802e+01,5.394219792744791420e+01,2.002976777157882893e+01,7.251875312617171687e+01,1.426272978957143494e+02,-4.041596577559757719e+01,3.933474486270682036e+01,8.139519457728282248e+01,5.204380561796283899e+01,9.158269458016120268e+01,9.434855916410354837e+01,1.443727980240616375e+02,1.879435582987198643e+02,9.197926405413168993e+01,1.045049248594054205e+02,5.287313608350884664e+01
4.649917944909986445e-01,1.331703248023785306e+02,1.801458258999133193e+02,-1.342921505331773169e+01,-5.045520062081364898e+01,-3.122091414091698525e+01,1.322378730992390388e+02,7.403184081296031138e+01,1.198121016035002953e+02,8.855387848063499234e+01,1.227806722157609300e+02,1.319686094529259606e+02,1.323593567716940527e+02,4.731952636838342996e-01,1.378951041991704756e+02,9.688175422137844350e+01,7.563710941127509102e+01,6.543381177310790520e+01,1.421090800206137033e+02,6.265646123120304622e+01,2.389269940019644523e+01,1.568417188372528130e+02,1.350788688021964106e+02,1.776288215232568461e+02,1.307147581391276674e+02,2.139265188254135523e+02,4.686078811211302209e-01,7.065090857576448968e+01,2.029264885923253985e+02,5.863364288689609083e+01,3.592797415583603282e+01,6.383666034848189241e+01,4.376524231464173020e+00,1.385144972359419739e+02,8.057077190404270084e+01,3.925372754496336114e+01,2.068629524814013720e+01,1.555171261884424716e+01,-7.494732331103647560e+00,9.776413731845677546e+01,2.170445949112753397e+02,1.526258228851773140e+02,4.249591077565283825e+01,1.022206146306103705e+02,1.510695328104993678e+02,1.498831253019083647e+02,1.579680298830154754e+02,3.862869168926862784e+01,-2.264522296115955768e+01,1.507590527017654551e+02,1.337058030588700035e+02,2.450984647803799703e+02,1.723753782330028343e+02,-4.197450963845383143e+01,-4.143111068088955307e+01,1.192772337644143335e+02,-1.906185678990368393e+00,3.612648423150232446e+01,1.020277214004216972e+02,5.763665940294870182e+01,7.716513030882053670e+01,5.003239753929022271e+01,1.564622335746612407e+02,1.293916708779540841e+02
7.919732859829052529e+01,5.859826779719411860e+01,2.288514521433526454e+02,-7.455323922513910873e+01,5.160618169002261624e+01,6.866356011752115762e+01,3.297172932210656171e+01,9.364665220932265299e+01,8.384260690679211336e+01,5.733214935395024980e+01,1.701993849089866444e+02,1.247484731827341733e+02,-1.181447200204743631e+01,3.460070008296511190e+01,8.632151397280905769e+01,1.025762539609509219e+02,3.022462002366665601e+01,7.863006748189958728e+01,1.183880747243293143e+02,4.451555263962347198e+01,1.187308194668723473e+02,1.391837019703245630e+02,-1.515139027228329205e+01,1.778548325771289456e+02,1.994704246666145542e+00,1.040224622858687411e+02,-3.505304264628250177e+00,2.288530064677551650e+02,1.611207605392017399e+02,1.399799057386630174e+01,1.268612380129319064e+02,8.500560620525730826e+01,9.176629151514957528e+01,7.296256691136092343e+01,4.682575720194036961e+01,3.462621043279767008e+01,4.381719654471537950e+01,1.957671280488071019e+01,2.333215531855614344e+01,-2.992002530177728312e-02,7.857621137441482517e+01,1.251418357482769608e+02,1.084238667655945534e+02,-6.099638110210747044e+01,8.537303844144970810e+01,1.242250112408527087e+02,3.129220470290405487e+01,1.256014056609799781e+02,3.705926052779417290e+01,2.874772665712121693e+02,3.605085823314978910e+01,7.727514226409935816e+01,1.344372963642647960e+02,5.121453180940704186e+01,1.343627274634328899e+02,3.522851154453831413e+01,6.429426619947163601e+01,8.946727315706225170e+01,7.505358424140239038e+01,3.165149395023547285e+01,1.628766742962639285e+02,4.924664628651597553e+01,3.796308657548762966e+01,8.001611468388956894e+01
3.772324361523970282e+01,2.986166168481573990e+01,1.794898113642417741e+02,5.188749097717603576e+01,3.394466623403146599e+01,1.180041046121793471e+02,1.541027245818504525e+02,6.395824411669081400e+01,2.497044150544524754e+01,6.982644765161082034e+01,2.025009274897903992e+02,1.959118930185965439e+02,1.496259793932530329e+02,-1.469593489531462005e+01,8.596465575703147977e+01,1.406989315907658238e+02,4.695576177491388847e+01,9.069177888321176795e+01,7.760028441108345021e+01,-3.429125458733749809e+01,9.526407584381500726e+01,8.114904834206625139e+01,7.380895133923813489e+01,1.678139556866575504e+02,1.352119235530579715e+02,1.862801841013172748e+02,1.012275965450726112e+01,1.369964764216468893e+02,2.057506496194072270e+02,1.648350656525465467e+02,5.256336781860326113e+01,2.717563258709531837e+01,6.714939234777615695e+01,1.211590193324951628e+02,1.295865364207670893e+02,6.968713508479494578e+01,1.733171970678348544e+02,-1.698693728267030778e+01,8.328039029041887886e+01,-2.261921967772195430e+01,3.895974131769008153e+01,1.127691072936975871e+02,2.827801959970343670e+00,9.806192353565278097e+01,1.245781556014513427e+02,6.821263882530458034e+01,1.263842805647285985e+02,-1.672877474092615202e+01,-5.901774866288177890e+01,1.156125508605221199e+02,1.447513137099676044e+02,2.068527254825980037e+02,1.222907207099055285e+02,5.562075800797926917e+01,6.954384596227212967e+01,5.034723366756920626e+01,1.307417749248251653e+02,6.651491579496847351e+01,4.695025501089133080e+00,1.842794880547948537e+02,3.786378004626555338e+01,1.320493964501067978e+02,2.457906232529616091e+02,3.903524449873074076e+01
1.178218460768931521e+02,3.966669891966034101e+01,1.114009084900224735e+02,1.017735633356941918e+02,1.464508873505465480e+01,-6.103012711990984229e+01,6.347742336023642196e+01,9.029394511586018268e+01,1.612754152370498844e+02,1.731595524460338424e+02,3.917412307981037856e+01,2.422811555013559541e+02,4.050894242437762927e+01,-1.964101734571066231e+02,6.525700691666357045e+01,1.524873814033433632e+02,5.557833415759105122e+01,2.939889421869068187e+01,1.644432372922998979e+02,4.950952593931744872e+01,6.555248111999033256e+01,2.121894505659582535e+02,2.988852265417562748e+01,1.260047200770664091e+02,7.308447182605702608e+01,1.303666798285973698e+02,2.356228180842023434e+01,9.802857233065508069e+01,1.050466489878942724e+02,2.177711671487614069e+02,2.264332587495587461e+02,2.323266610382290320e+00,1.018949619530751107e+02,1.233050108363720057e+02,1.777407940885211417e+02,1.319724180914860590e+01,2.218731310485999302e+02,-5.933572793797025469e+01,8.550843930015260241e+01,-4.209956359906285428e+01,1.355497265537408396e+02,1.682610259081229458e+02,1.163209923289443140e+02,-6.058441939771340934e+00,1.354977514027133338e+02,8.423310684806394022e+01,5.728371509041706844e+01,1.320305661250742162e+02,-3.458139500445156056e+00,1.617874622271919520e+02,1.570056009073894359e+02,5.593209991996416619e+01,7.654130732452911445e+01,1.824569395525443483e+01,1.550716510327454216e+02,8.106539358578855570e+01,1.077997159319998701e+02,7.214050130048831022e+01,1.074519076504465289e+02,4.375919447667796902e+01,7.474124080788512003e+01,4.648896833359116698e+01,1.421871333827872945e+02,-7.647950155265091610e+01
7.660837686040976280e+01,4.392335882741348563e+00,1.090302351318683662e+02,8.365663857130554959e+01,1.073295280853869684e+02,1.453885432426637863e+02,1.818639994273673892e+02,-8.449194990500783931e+00,-7.347048400596633222e+00,-1.571950405123700811e+01,1.241208946352045785e+02,1.097933872821421488e+02,1.902107216000814205e+01,3.946037340867291476e+01,5.880575391383757022e+01,2.424497198791897006e+02,7.584639338906738715e+01,1.149487944651639060e+00,1.320041444166086535e+02,1.969885768877687937e+01,3.285680715530147467e+01,1.385693310623103685e+02,3.627797399063936012e+01,3.696136766500045923e+01,1.220416925688638656e+02,2.655882774090123348e+02,5.835561364824214792e+01,4.699500923743826064e+01,1.556500023375484147e+02,6.392526678968834375e+01,1.514272018825479620e+02,1.311357999643547316e+02,6.630960299807141212e+01,1.980111691236352272e+02,1.621856590876546704e+02,6.676963420968461094e+01,1.491516107625656389e+02,3.645540582253303086e+01,-1.508207732268118484e+01,-4.412081689046942046e+01,1.000423896320157127e+02,3.806862710691304841e+01,1.681336267679966738e+02,4.721845147805935738e+01,1.171314182530025363e+02,2.079894722428754221e+02,8.017629691989823471e+01,-3.211074115547773289e+01,-1.245977562867039801e+01,2.346220436058920882e+02,4.440462109513986633e+01,1.026430447764958700e+02,-5.483773852787975756e+01,1.103763205059671151e+02,1.171896641789515883e+02,1.221975802208952047e+02,4.889073932723419347e+01,2.247818101217546527e+01,6.617172730170038619e+01,2.414795476841646504e+01,8.095104081569103016e+01,1.770978483525808826e+02,1.914715463994909044e+02,2.131189121894472009e+02
1.175451783394620833e+02,5.399197727262716029e+01,1.686212952589194174e+02,1.447021381542512302e+02,8.224245075849621855e+01,-5.594507410524584401e+01,1.535312037998614869e+02,5.027775555381807493e+01,1.543916885424323198e+02,1.254258323798218413e+02,1.405369967464764329e+02,1.156921261428855843e+02,-8.883166802258200789e+01,1.024057377074782771e+01,1.108525846370333880e+02,1.341361919728889234e+02,1.624744324712601156e+02,1.251085418677355534e+02,1.289753799201598099e+02,2.635803373562950114e+01,-8.009415745746649051e+00,1.182558649158060717e+02,2.117467452604770628e+01,1.717227393742248580e+02,9.991287392194790584e+01,2.628330214649920435e+02,1.428719315238246850e+02,1.065988750402091370e+02,6.735358080369734068e+01,2.559161169601864216e+01,8.191307170957172445e+01,1.045258471155996318e+02,1.319956110664044218e+02,6.466617202240952622e+01,1.392929969108891157e+02,-4.618514598142552607e+00,1.220583098573868455e+02,5.634837289969495799e+01,-2.902187143183354223e+01,4.781099570196899862e+01,1.156945301460154809e+02,1.301747929208118819e+02,-5.454235569564146857e+01,7.333585352808923119e+01,1.661478898406620601e+02,2.174573334912998916e+02,1.081556526410842736e+02,-6.278106403927451851e+01,8.872528213750284465e+01,1.363600426573796369e+02,1.233089331457826034e+02,1.394540506250762917e+02,5.683079160068159830e+00,-1.540864828690757626e+01,9.051299957389956319e+01,4.815298970859415562e+01,2.111546117945728156e+02,6.621137823872301453e+01,1.708702118041749145e+02,7.062826756261129901e+01,2.099105116511345841e+02,6.268303763681259255e+01,1.456710666660754150e+01,-1.857007368704088535e+01
3.590751473003805216e+01,2.225036822878223219e+01,1.141354501518421074e+02,1.085877363343534654e+02,1.265042339801070028e+02,6.302732299019452711e+01,1.859108254495644701e+02,2.004098435150147566e+02,1.881855862873038410e+00,8.547126335036735156e+01,2.340514591987030428e+02,3.004640209942621354e+01,8.341942595446736775e+00,-3.985592842514761980e+00,1.907906357581090333e+02,6.879788465985468804e+01,-2.303438235591314864e+01,1.506884911030681167e+02,1.318032812920754964e+02,-1.250085278462264995e+02,1.668283415622972825e+02,1.066201880548511696e+02,8.346749968763943173e+01,1.516220780809262862e+02,1.250754515483620679e+02,1.056536878494718081e+02,-4.206026193580569128e+01,2.872617764317908140e+01,2.836474481429540333e+02,5.437758160642402316e+01,9.472835773527420145e+01,1.331975421526187802e+02,8.972233386383975073e+01,9.094119514694297379e+01,1.389996280993343873e+02,1.037552586653944644e+02,9.994082242794631554e+01,2.588826972758084466e+01,7.108312621761923822e+01,8.851243028384912392e+00,6.719446752168066439e+01,1.069224814515656732e+02,4.471029094208488885e+01,-1.958939067057130146e+01,6.816717694659855908e+01,-6.651308433518464369e+01,-4.287576985708695787e+01,-4.504871493704597896e+01,-1.037734904616449541e+02,1.484591165820780816e+02,7.844282547013746409e+01,1.155768628554376534e+02,6.771668444995880520e+01,1.183022111877818219e+02,1.388306858102872070e+02,4.205654654532153103e+01,3.198264938237826627e+01,1.539005688790950614e+02,1.581227326858502806e+02,1.660010148382795307e+02,1.617715074933911694e+02,1.133692994732093808e+02,1.327646268380000265e+02,1.254807793003464980e+02
6.348135389844244258e+01,3.921207701544914670e+01,2.516241674726415738e+02,1.039452115412231414e+01,-1.697035392203005344e+01,1.789799140752279172e+01,1.353554430606251628e+02,-1.358369180621821037e+01,8.764576907074327039e+01,1.065994950143256261e+02,1.927854189000654799e+02,1.764729414369447795e+02,-1.542989182210518884e+01,-5.860546638416507648e+01,-1.853874034729585318e+01,1.677923992450480455e+02,5.419365638621442116e+01,9.527937372482141143e+01,2.403601531799636959e+01,5.334820720523935478e+01,1.777680698786809543e+01,1.740594873751888088e+02,1.417658313811464836e+02,5.117452929539467021e+01,3.028313983195473824e+01,4.538015334212274610e+01,4.628350663997692749e+01,1.075775209745444130e+02,8.201596972137180330e+01,-3.430424509209827733e+01,1.960082484341540692e+02,1.006004934374082751e+02,1.384675906801468841e+02,1.802799640195473501e+02,1.718342273465900121e+02,1.132209110936699226e+01,9.389389911085287110e+01,8.804728462479259576e+01,2.904077412058114316e+00,2.931087042803426002e+01,1.481695682727490464e+02,4.244426627835195376e+01,1.906443985255634521e+00,-3.820208320979289596e+01,1.205605342863513698e+02,2.316963043869079897e+01,9.569729888481147384e+01,5.434525103433784210e+01,2.013643386993279805e+01,2.302651155601686810e+02,-3.161574943923994496e+01,6.235129011846751013e+01,1.778350904373837409e+02,8.592682405934580459e+01,7.489155504361021087e+01,1.350260015881232505e+02,9.951667759997560836e+01,1.229352092251723008e+02,1.953038153423847012e+00,1.484749101309467960e+02,8.992179019706723864e+01,8.307392894462138599e+01,1.526817846464467499e+00,1.398131011141501006e+02
-9.695481206328791401e+00,7.806703109389799522e+01,1.635336551450094760e+02,1.192849645705429253e+02,1.634148460905038007e+02,1.137563667752416841e+01,7.969595508399150674e+01,1.026127112515595563e+01,1.533266343305861028e+02,5.516140750971842266e+01,1.622817311825563706e+02,2.374653947448734641e+02,1.625714465415483971e+02,-3.543308293636470552e+01,1.088043851376063600e+02,8.848594416965836729e+01,1.024878396267858562e+02,1.321656961987826833e+02,4.815633957697684053e+01,-1.002232015911985563e+01,2.620920365099088372e+02,2.000992473115026087e+02,7.905511587846801547e+01,1.037939807035037489e+02,1.025123878821254522e+02,1.274948874403491885e+02,1.103947264491367086e+01,7.538475353205951990e+01,9.654243708521191536e+01,1.310045882725318904e+02,8.056567279624003675e+01,1.601207123525405223e+02,1.078166977241501314e+02,9.780067668492263522e+01,6.300742809726144600e+01,-1.496914334113696832e+01,1.476130806853603588e+02,2.499564101103856828e+01,1.565775977269367729e+02,9.646139403773899446e+00,1.170774339460223104e+02,1.641406821610402460e+02,7.734959760119507166e+01,-1.006165612098541651e+01,-1.780169347247450773e+01,7.516362841464284683e-01,7.411826359229321781e+01,3.397674557845675025e+01,4.137440955718218305e+01,1.553585429736159256e+02,4.577387650712693556e+01,-1.372594761583911582e+00,8.931828307678911472e+01,2.733532972669649652e+01,1.089954934589520832e+02,7.179434885955514289e+01,1.928569965548021159e+01,1.321483423696534203e+02,1.591414698896009554e+02,1.631371600746333854e+02,2.582992255852900243e+01,-1.550948565416376645e+01,1.199071905459092449e+02,8.827285411481254584e+01
1.675828335890194580e+02,1.711314439361011068e+02,1.750969755694775358e+02,-1.564036448051808570e+01,8.507704960587501830e+01,3.053309423215466367e+01,1.507591651039419105e+02,-1.387969227959473351e+01,4.501965935954643072e+01,4.448227336393272680e+01,1.690521070481842685e+02,1.578304462781509869e+02,4.341606883038195264e+01,-2.295222902386484165e+01,9.366476746830441868e+01,1.315239186785887853e+02,4.058342264965374824e+01,-4.162469548676383369e+01,1.301453488924408646e+02,8.036280084828815973e+01,1.480959062715392065e+02,3.031758155085384132e+01,-2.709709677617410772e+00,2.698685470270411884e+02,7.276635852484501754e+01,9.176675650808262219e+01,9.369545175097469425e+00,4.192556343598496227e+01,8.099617395256329644e+01,1.430868001953910778e+02,-5.905853794274661617e+00,1.826911917769180320e+02,4.316969873396913471e+01,1.477232891256008251e+01,1.580615338279578168e+02,7.858684878883080671e+01,4.948635508403852867e+01,5.799680596139111088e+01,-4.644677788192552015e+01,1.288932657184105146e+01,1.486900099472165664e+02,1.934063208382852110e+02,1.831478208025316334e+01,2.403712940344248850e+01,1.369963190374079254e+01,9.538071574208827030e+01,9.921737169156229186e+01,-1.131345292293417373e+02,8.919047754352148161e+01,1.921680840422545771e+02,7.351654800924477229e+01,-1.431663430304652529e+01,1.582237093345817129e+02,2.097598082695384036e+01,-3.364611921750081791e+01,1.329946875837428593e+02,1.033411895711821984e+02,1.811444663701422257e+02,1.066251521653071954e+01,1.605671717394230029e+02,1.684958010824466328e+02,6.022531449376699442e+01,7.321641837396695962e+01,-6.845210166268599039e+01
1.210495325486782150e+02,6.360666620599530319e+01,2.438216182468088959e+02,-9.088406472548270187e+01,9.225555469782874551e-01,2.113911704869408652e+02,2.778638676854682998e+01,1.133334913086869591e+02,3.956931044131194852e+01,1.229560743583490847e+02,1.190923905600271695e+02,1.191239765971019295e+02,3.078295854637147144e+01,-1.881196109145832551e+01,2.639752967388275451e+01,4.601423372569967540e+01,-7.678534749704367357e+01,4.744953415656282658e+01,1.808096956790627701e+02,1.280491754114265568e+01,5.022470661844024420e+01,1.917771673134005255e+02,6.487968017330202031e+01,1.150142122460451191e+02,1.159764940792839951e+02,1.665478239643469465e+02,7.309443650616030652e+01,1.463125598126779607e+02,2.718119674737450850e+02,3.760208188721136224e+01,4.298347187265959946e+01,1.427793672772459104e+02,6.620144781797064581e+01,5.142759818692609741e+01,2.204373697635375322e+02,6.213978595237534108e+01,1.314242096570161493e+02,-2.836208109604498517e+01,2.042595485853837189e+01,9.712180436221017032e+01,9.757269659811383633e+01,1.080107621173276158e+02,1.471496126256965624e+02,1.275915452430886745e+02,2.050736313079503930e+02,1.312902642848001449e+02,2.188794442863794814e+02,-3.712232059118746719e+01,-2.700320519286591647e+01,1.445100778793672873e+02,1.021212329680665079e+02,1.818725474628912480e+02,4.222953182599908217e+01,5.915887953911180119e+01,1.753376122945126951e+02,1.776251465242850429e+02,5.006864699987900025e+01,1.269304264655879280e+02,1.359444981880564001e+02,1.642836967609362091e+02,2.118865224661980733e+02,1.657586251623044120e+02,1.445408839406247807e+02,2.571588428326165499e+01
4.744522399402483614e+01,1.225959788344610324e+01,2.535447528350331652e+02,1.198716584371872642e+02,2.865974594508102413e+01,6.483597968740538420e+01,1.510169712262587609e+02,1.069034286351744214e+02,1.152304757195743292e+02,-6.182243990755508634e+01,4.097629646713229334e+01,1.409759617763128574e+02,-3.137220285456265501e+01,-1.010656205066240290e+02,8.415797819854019224e+01,1.355625885748778785e+02,1.031130231369914299e+02,1.054050333149092324e+02,1.482673709493731167e+02,1.120341687991910220e+02,6.371606363533287976e+01,1.071283822099644425e+02,1.211447085115224667e+02,1.607103205544468665e+02,5.216701053676330702e+01,1.671268965193206384e+02,-1.229019756880944492e+01,8.305743854464252252e+01,1.394639054075774425e+02,1.048527363303186490e+02,1.657282081436228509e+02,9.530885851463109759e+01,1.017494086657855092e+02,7.664196032042268314e+01,9.985443993398844498e+01,3.097200489454720795e+01,9.494855803335865119e+01,4.291481930787099230e+01,3.635831023443002863e+01,6.340306615619794428e+01,2.222113951977355555e+02,1.008615455599048829e+02,6.301609360326309428e+01,1.169109629222120219e+02,9.169206430268415886e+01,7.330563436580560222e+01,1.177061823645075691e+02,7.969201950075443186e+00,3.554426592522474504e+00,2.529972523555023827e+02,-9.265912924583117771e+00,2.482445834520951848e+02,1.440733662886550519e+02,-3.997662404611190112e+01,9.591752761775039460e+01,1.795499294930280314e+02,1.873994608411422007e+02,3.701414856456252522e+01,1.249709928483610923e+02,1.468179841707772653e+02,1.570450642677911617e+02,8.593089439221655823e+01,1.085106301121463304e+02,1.053743601259426868e+02
4.267008649136982257e+01,7.739199531426875467e+01,3.210363740520527358e+02,4.872657486831854179e+00,8.653380297936051591e+01,1.925368901671830812e+01,6.635283033773474415e+01,4.356796066877776497e+01,2.961251519719709435e+01,1.218762688433017018e+02,1.347420429070211583e+02,2.389691826347295205e+02,1.578470092504779814e+02,-5.690198838159687256e+01,5.549818516659143341e+01,8.516241531708600121e+01,1.097283282401661921e+02,4.485428572564841843e-01,1.533781187407434459e+02,6.445501311880263096e+00,-2.904947120256906246e+01,2.442795022331800396e+02,1.356042695217496146e+02,1.435492666716164649e+02,1.114944199946066163e+02,2.360728487150076376e+02,4.095480749768397999e+01,-3.484755010880746084e+01,1.717226026195284021e+02,-3.848713999081709147e+01,3.377167839424543416e+01,1.056165116285256858e+02,-3.673525719261049716e+01,4.684379547654770448e+01,1.601903562273853936e+02,1.648366760117702938e+02,1.931609214420148817e+02,7.015207544824873764e+01,-4.186040670068890535e+01,-8.077021901353729660e+00,6.858364859283481962e+01,1.143051885855505958e+02,-4.520866951036594372e+01,5.839137071461663275e+00,7.375564388620857414e+01,9.017075776398540654e+01,7.943474055096542941e+01,1.343232444336983349e+02,-1.187808517345345507e+02,1.272191206295403134e+02,1.519817630356356801e+02,1.778532801401055679e+02,8.776009038458097677e+01,4.163426314978124054e+01,7.879978177607326018e+01,1.912017180575986401e+02,1.942999976458636624e+01,1.257731763323555043e+02,1.804738670543315209e+02,2.127376386364509813e+02,1.089537176140353694e+02,1.026597336959866738e+02,1.321648357158977376e+02,2.976352714512131126e+00
7.589693154566033684e+01,-4.554910035183822714e+01,2.701356833333612144e+02,5.903267542795020262e+01,7.425231899418348291e+01,1.478949227786685405e+01,1.388535089769326873e+02,3.834604173977850650e+01,1.832940468432297791e+02,5.352263717126603382e+01,1.670205085241071856e+02,1.092558182690161885e+02,4.599582657611733083e+01,1.626418840672272026e+01,-1.437888793818231470e+01,1.256675129092776757e+02,-1.135425478748785899e+01,1.392953872337620851e+02,2.436188368462488256e+02,4.033845140041236021e+01,8.095461486625764280e+01,5.758539053744015490e+01,7.421080816287782511e+01,1.138348110121256553e+02,1.690364959396894733e+02,9.678360209264268121e+01,4.693640318800262179e+01,4.729853407434702461e+01,3.086966815351921127e+02,1.415758562467672448e+02,-5.702812779428966472e+00,1.175980746960014613e+02,7.434776210279990494e+01,-4.183428613035999000e+00,1.795884253158241677e+02,1.566531533780945828e+01,4.225660849730416402e+01,-1.833489389255759860e+01,-1.718303922606522960e+01,-1.259890759719439579e+01,1.868751644935606464e+02,8.649544476178049024e+01,5.766202705776989745e+01,-8.356891938410269915e+01,8.423909067882816259e+01,9.886074309637392332e+01,8.917330470596949965e+01,-4.299057138794636757e+01,2.735193185783301928e+01,1.327147433197062014e+02,-2.107434942137942002e+01,1.171214877935255849e+01,1.446333802217480802e+01,3.862373786454042346e+01,1.703345123367227743e+01,7.688170429505090908e+01,9.335357674471465828e+01,-1.688780702711056492e+01,1.131707686639060597e+02,2.169910863295320951e+02,7.758844314063038894e+01,7.179934092116367594e+01,5.575129599524330359e+01,3.729937014806949236e+01
4.373779185451453344e+01,1.587221492132861727e+02,2.461998147049726242e+02,-5.097852184032801937e+00,8.485694279602994072e+01,-1.966169974743081417e+00,1.727386304484212687e+01,-3.097985145972259247e+01,1.173440389987234624e+02,1.466279763707944710e+02,1.900270281503857177e+02,4.812629213271079465e+01,7.478413629868894930e+01,7.956535262083617965e+01,9.622910346784861346e+00,9.568712307448377885e+01,4.531659359061634262e+01,1.168077962026892038e+02,1.214852607754224181e+02,1.054728737853061062e+02,1.034116376832372310e+02,1.510041110386772516e+02,4.061240999968517684e+01,1.342027754522412124e+02,1.377782784961034395e+02,9.421504991085070913e+01,1.232318701925194517e+02,8.021335652053095089e+01,1.033597934498864248e+02,3.811885595350616285e+01,3.163864987048014754e+01,9.124351057234746065e+01,5.372302443014120144e+01,1.184235905139274649e+02,1.860521713640039536e+02,-7.486291176439506501e+01,1.022181542115418864e+02,1.078196471960168736e+02,7.204511291387659355e+01,1.817296306834137170e+02,2.017034356856406134e+02,1.253653606799076528e+02,-1.688304818436847432e+00,1.295437574055924124e+01,1.049317654899794894e+00,3.699776534737963374e+01,4.188873222723542966e+01,5.296507982688324745e+01,-1.064188190227355157e+01,3.029496163876821129e+02,1.661488839568292164e+01,1.699483378410526484e+02,8.122334493005921274e+01,-2.157882842377389565e+01,1.492811312200359275e+01,1.332630832727943186e+02,1.051628815474714287e+02,-4.276298015302159428e+01,7.518791834604242297e+01,5.267635070413944476e+01,1.249761751555666791e+02,-1.145249465011488468e+02,9.602900364429343938e+01,5.684522565054805199e+01
1.030783569693660553e+02,-6.214882299460099402e-01,2.045357526950119791e+02,1.339883401741736861e+02,6.998073124053759386e+01,7.884140005343097357e+01,9.354886422610063335e+01,-1.837232429897639108e+01,4.635558213932355187e+01,4.536870251534707421e+01,-8.433555283371417133e+00,7.305006148454749848e+01,2.354452208255252899e+01,-4.565375660110503730e+01,1.371828970087029802e+02,4.219600042265624751e+01,9.705723735393688401e+01,2.376543349669190952e-01,7.429715427660353555e+01,4.853487076150741153e+00,1.563609497038598022e+02,1.152873317745495143e+02,-3.623107722008355580e+01,2.951812114826423805e+00,1.848759770703977878e+01,2.747191685144478583e+02,-2.238191333203686995e+01,1.045127694141889521e+02,1.867851220153759755e+02,5.201713846370025607e+01,9.836636719811052387e+01,1.271674872779904177e+02,9.943149244175940282e+01,1.291966409673328258e+02,9.100496355429753237e+01,-9.253720049091639055e+01,8.249460010905094975e+01,1.141574326855021404e+01,-3.589850802034887778e+01,1.503170684339138745e+02,1.083016347183551744e+02,1.656169522176398061e+02,1.018478027963176515e+02,6.895412000096355598e+01,-3.139625991321892329e+01,6.754861598778915344e+00,3.569939642247276623e+01,-1.116303031389875677e+01,-3.443744391482538703e+01,1.716364410095038977e+02,1.009135673941230351e+02,1.597816502930448905e+02,9.919437019858533233e+01,-1.528113622244475600e+01,4.085183106354860882e+01,9.107939917774031358e+01,2.008029001514976812e+02,2.802160196173630524e+01,8.515005300750998174e+01,2.518436891973507556e+02,1.625584086402120647e+02,-3.831842404204976305e+01,1.917035883419515301e+02,4.751489082446268952e+01
1.521271205864316016e+02,-6.163890859935960265e+01,1.657569285947068920e+02,-1.073199196461871310e+02,1.093896957822692997e+02,1.474363841902359518e+01,2.035645363659632494e+02,5.348488234382386253e+01,1.173215191387910608e+02,1.205547652830318697e+02,7.223037951860077044e+01,1.452555145879052816e+02,3.346196488243079870e+01,-1.791819829833229676e+02,6.522757429694435416e+01,1.582097914732294157e+02,1.727791595054206368e+02,-1.803293651319037494e+01,5.438155270116595119e+01,1.166865751206280635e+02,6.971599374647750835e+01,2.189211938762980196e+02,9.304615654306401495e+01,1.778522343669486077e+02,1.951847410532003551e+02,1.761453653178257355e+02,9.284682060428648853e+00,1.662545143874538383e+02,6.911251155168328353e+01,3.113536568069008226e+01,1.447087651148315217e+02,2.199055558721240970e+02,7.551219226069603963e+01,1.054004106387118469e+02,1.130967242352731574e+02,1.361978971014643207e+02,6.363012209229523108e+01,-9.890517622324066949e+00,-4.907622712364555895e+01,1.394399791741385002e+02,2.201018792849395993e+02,1.199731829728101076e+02,-1.718410507223211078e-02,-1.322830058994028768e+01,9.087909062674980021e+01,2.261349903646347741e+02,3.659655056384990957e+01,1.114649125870670190e+02,-4.505150859559491749e+01,8.803366661673804572e+01,-3.472187475583864824e+01,7.383866235395329625e+01,1.526741325664992814e+02,1.429923593230242034e+02,1.588287607877880419e+02,2.168770609199732462e+02,8.147913997698096011e+01,1.056715913260397457e+02,2.352566366219832332e+02,2.297100924077532795e+02,1.571491271153746254e+02,5.778055567402517312e+01,7.033715116850912352e+01,2.990536368674412060e+01
8.206699351811506915e+01,1.954846331171821987e+02,2.524646020579446031e+02,9.547955696271868931e+01,-3.825908488686024622e+00,1.054910877476444711e+02,2.589219774718820304e+02,6.043402927424778248e+00,1.657546972231749010e+02,-2.444639289400640436e+01,1.475460766868330325e+02,1.288334266394741405e+02,1.725883674215111441e+01,-4.883919090588050693e+01,4.018807726726691243e+01,1.846435430684855987e+02,2.856345297130857475e+01,8.816573737782105979e+01,6.270945496185120049e+01,6.251754456938484594e+01,2.553270567045018069e+01,1.242825102185207555e+02,1.555328904620622836e+02,1.562785935910859507e+02,1.054144458271011189e+02,2.245433909309646197e+02,1.759231904543412028e+01,1.384257656574127964e+02,1.438658653727386820e+02,7.402372026907853808e+01,7.386267372053721658e+01,9.775240906240155425e+01,9.337945281355784743e+01,5.683575841608500667e+01,2.193559135784894636e+02,9.922880940429477903e+01,5.035579067804717823e+01,1.516705766221981548e+02,-1.211977009552000872e+01,2.258637011482988655e+01,1.827921428374956463e+02,1.724542014525986815e+02,7.935772738072442678e+01,2.220530609253756538e+01,1.982399665943823379e+02,8.712597613680371467e+01,4.544712257592563986e+01,9.262404671215305996e+01,-2.709738325741284015e+01,1.542161515926565301e+02,8.754359467477711121e+01,1.479931370884201840e+02,1.052396021594681343e+02,5.419281581939826964e+01,1.304677495098438271e+02,1.301737181686135330e+02,4.358346787736166306e+01,1.626249875794627258e+02,1.506639918081198175e+02,1.864590228323414749e+02,7.328623417928169204e+01,2.376780252666854381e+02,1.104650089917669078e+02,3.512210356575450731e+01
6.864743744756650301e+01,-3.670342897130750970e+01,1.991080180635762247e+02,1.397158019045718618e+02,1.244074095867908483e+02,1.694176195442764481e+02,2.219190993780095482e+02,2.789289503706271134e+01,3.141773466541763593e+00,-9.019419797695603369e-02,1.360497555651818118e+02,2.960925951063230954e+01,-4.030175514202482212e+00,-6.515249483962647048e+01,1.422550994949034191e+02,1.474830443061847234e+02,1.744206319980179032e+01,-2.108738414197119493e+00,1.722584689365369286e+02,7.442104609802767357e+01,1.071870101987393156e+02,2.270043027750467672e+02,-4.931113882067349863e+01,9.432403292581879839e+01,2.254645932572074400e+02,2.137581059724169279e+02,-1.002688532913964359e+01,1.176248912583943564e+02,2.540494064358078390e+02,4.652056672957981931e+01,2.165265213358579999e+01,6.990547370984144493e+01,1.349065390559900095e+02,1.610445214135225100e+01,1.489233359516006487e+02,9.720958480130546420e+00,1.217760872216366721e+02,2.730381047619800583e+01,1.373234112023169295e+01,8.509155188471949316e+01,1.215909640901457891e+02,1.278741293590179708e+02,-7.765124854888226480e+01,1.944055341898120659e+01,1.558673939690002612e+02,6.508636631519236460e+01,8.717181138040429289e+01,1.714463587196845751e+01,1.775914759809537813e+01,2.022791635909015611e+02,1.326752449269718852e+02,2.376963012665988799e+02,6.242296444076699657e+01,-8.414733535895278749e+01,2.127692211069564792e+02,1.975616954048575380e+01,1.820725165410763395e+02,7.817882750789094359e+01,9.504762204626258892e+01,1.807151707597931249e+02,9.372006260583985693e+01,1.620271387319682503e+02,1.212843030086396681e+02,5.501553999396335115e+01
3.463895310558128671e+01,1.122470653553975097e+02,1.655951709867764237e+02,2.316802129609385119e+01,1.230113975347890509e+01,7.713674638285537810e+01,2.195587575983814759e+02,3.272387924413421700e+01,9.025153020774111212e+01,8.050385808697767231e+01,1.696874610647824682e+02,1.489053579585508373e+02,3.205695216399461600e+01,-3.941475004411997674e+01,1.083192647473474182e+02,5.580736389898532046e+00,1.759870156410769653e+02,1.598981192874049162e+00,1.783685212808805147e+02,2.796079980784682206e+01,7.475257168101377658e+01,2.589390851359673889e+02,1.451889842399189661e+02,1.581130205576819208e+02,8.358580334499875164e+01,1.149973947800475429e+02,6.321972218303883295e+01,9.754989967074577351e+01,2.367886999754098269e+02,9.851835316210254234e+01,1.380552668300616119e+02,1.361420382732347605e+02,1.269654535433595157e+02,6.116201531547459780e+01,2.203771747932847447e+01,1.452287340146795991e+01,1.145848414974004328e+02,-1.119662162603063216e+01,-4.528790118554226041e+01,2.651408661007436862e+01,1.531315739456750862e+02,8.087712612940832457e+01,8.289064506943331878e+01,-1.141148954122428272e+01,9.559645608456789034e+01,8.752122515591763374e+01,4.373770969179346224e+01,-3.500147238195693689e+01,6.922105209969940631e+01,2.288721312721619654e+02,2.676006181703271736e+01,4.818367362071639803e+01,1.240031459711410236e+02,4.903764981536439649e+01,1.920532519284811883e+02,-8.999146039938564456e+01,1.717371635004738266e+02,9.462920109193360929e+01,1.630509909947619178e+02,2.133331162697870980e+02,9.996715854221348252e+01,5.601009882632012449e+01,3.413481085923208269e+01,-4.779336426219415301e+01
8.261952273445059802e+01,-2.444639322085606359e-01,1.812321270874938932e+02,3.155263481113834345e+01,5.905502279448526082e+01,3.985641239037106942e+01,2.342305217689854828e+02,5.726052441383799163e+01,1.800205925821529434e+02,1.143462285043028572e+02,2.008169578411766736e+02,-7.313747014325854501e+00,9.339666810799228358e+01,6.345837417596199970e+01,1.604831663004624147e+02,1.318950158304410252e+02,-1.514115636060964043e+01,6.805790768513729461e+01,4.167690181642313263e+01,-2.871334660010660045e+01,6.764530985403636976e+01,3.517731329072403934e+00,1.096395915253900313e+02,-6.249026225688680114e+01,1.396996307600595060e+02,2.503060181599181249e+02,8.827645844355911819e+00,7.334071056011025291e+01,1.899009526842298783e+02,8.793241552425000407e+01,-5.052172226598371907e+01,2.308569972807816555e+02,1.066738706693825947e+02,9.829999945676346940e+00,1.667408397303837546e+02,3.032540878473710322e+01,9.728003781024339958e+01,-2.855403362742591966e+01,-1.145542642344565598e+00,6.345157682243750941e+01,1.051818272346238672e+02,2.225915766230101838e+02,1.259927233663304804e+02,-4.584695423242023793e+01,1.152675163536897998e+02,7.362609545804586730e+01,1.396962916565769035e+02,5.919412432309200334e+00,5.301615709045747593e+01,1.433371492373325111e+02,7.604805839029891956e+01,5.499205289245522721e+01,2.486407692838809780e+01,4.439325726730557875e+01,1.520571093343469897e+02,1.051361241725778797e+02,3.441328411213361704e+01,9.102111556806845272e+01,9.987717577244480083e+01,3.002224080015380636e+01,1.879629101200208297e+01,2.317643145373082447e+01,7.932858926400497523e+01,1.021446575763640254e+02
4.294773082635926897e+01,6.813704954380382617e+01,1.918312976422420206e+02,6.794193891321852163e+01,-2.893585536254405710e+01,8.279258047583224922e+00,1.246463138043551879e+02,1.118593699915848418e+02,1.405591614993539729e+01,1.957777557181294696e+02,1.626032755241979260e+02,1.353158431870226934e+02,3.029669886247532062e+01,5.480102697417165558e+01,1.696256809094797973e+02,1.741890908641962881e+02,-2.794205990142017626e+01,1.441434426983078936e+02,2.179356372205454022e+02,9.506106106478283380e+01,7.230809236098421877e+01,9.232742230453892773e+01,4.333008332269016449e+01,3.797156017624202917e+01,1.067392395762034454e+02,1.534768143527820143e+02,9.871485426726776780e+01,1.302211570384237120e+02,8.005145513116927702e+01,1.295414178803966081e+02,6.978294148929363416e+01,1.654075922098207911e+02,4.116941431133724194e+01,4.136469520839013825e+01,1.705024574444990719e+02,-1.874056412691338096e+02,4.733606781099907579e+01,1.303497727303870306e+02,-7.942066022019743343e+01,7.051078628679262295e+01,1.239897553509727715e+02,1.641572621378095391e+02,1.553717386453712095e+02,-2.587720834208439769e+01,1.547698354064763464e+02,4.945288737649988065e+01,1.663017863634763387e+02,-1.313839261642968204e+01,-8.978885997379392192e-01,1.511884805911023193e+02,8.698813565972683648e+01,8.735781396742579830e+01,2.103351736578495661e+02,1.235198032967232820e+02,6.501283844011494750e+01,1.428251462462170878e+02,3.942951215778477803e+01,3.182352302344426320e+01,1.595824505781884000e+02,1.789818043483215320e+02,1.502308488047887352e+02,5.703609568881162062e+01,6.073307516443193066e+01,1.521758641846559783e+02
1.262048229362377896e+02,3.266521787654851749e+01,2.343103435721083088e+02,1.547388689209227941e+01,1.068403923011551484e+02,6.717445766168948751e+01,3.758624834198086972e+01,1.374083815192328188e+02,1.527091020309789542e+02,1.065667876067877096e+01,1.339489412772287551e+02,1.017411487909569558e+02,-1.818999744100934990e+01,-7.758491965681456826e+00,3.607408759220830774e+01,9.811945875659587557e+01,1.124208609424748175e+02,9.920880634792793273e+01,8.240022461114547525e+01,-5.498057907740160744e+01,9.514214399901631225e+01,1.378744999366965089e+02,2.998623157957069552e+01,5.100592534397207345e+01,-5.386081000029462729e+01,1.125459353382929208e+02,6.365056338859530882e+01,4.764913094970068386e+01,1.911150435319086398e+02,-5.915683093604683362e-01,7.992962288705383855e+01,7.251391430296293095e+01,1.624110166421388328e+02,1.870891984683708813e+02,2.086989355941426254e+02,1.568214956133573246e+01,1.328698832137042700e+02,1.573897051106775962e+02,-4.564326590719146992e+01,2.142715879793754752e+01,1.484175302314482963e+02,1.399093808085005435e+02,3.642415319378144289e+01,6.597502872534020923e+01,7.103008678486231986e+01,9.877422864983385864e+01,1.508888829014231874e+02,2.418996729272037882e+01,1.592298714866657576e+02,1.391932145666352199e+02,3.699239844578982694e+00,1.106454418714264278e+02,1.399195671384134414e+02,1.266611164503217282e+02,1.465250926576011352e+02,1.746348740750746913e+02,2.638791196157619083e+02,2.245445066973772157e+02,7.239616048995144126e+01,8.895104131640961498e+01,1.092618575288639562e+02,2.093528940334543336e+02,8.356701606526682724e+01,-1.320938454085762492e+00
4.925660146319898303e+01,7.432406625120789556e+01,1.989699405458899832e+02,1.825738887831107320e+02,1.188677974226948066e+02,1.102832781563200939e+02,1.512839988161651377e+02,1.415325088008678449e+02,4.871077391053190553e+01,8.271410468871918908e+01,1.252876754934462014e+02,1.434897206030960319e+02,1.111051408252627795e+02,-1.269713013085649180e+02,-8.797128730364532911e-01,4.410993248438187919e+01,1.770720691630422721e+02,1.500739056839783530e+02,2.922765540498417280e+01,-8.255828402567998126e+01,7.909028330406185603e+01,1.227161578958302215e+02,1.402340881617724904e+02,5.816312602764383399e+01,1.565285788509562508e+02,9.182285767606045113e+01,-5.739065421277444301e+01,1.228197471449199298e+02,2.300483425474730552e+02,-5.293296037960359257e+01,4.577937373726469872e+01,1.545107251298638289e+02,7.511417162273657766e+01,7.940981205347695493e+01,8.308893274051597189e+01,3.993968688327242234e+01,6.674896188716415679e+01,-3.817018786698155708e+01,-3.851339280620535277e+01,3.165360669665772875e+01,1.478013467020033715e+02,2.040905699949746293e+02,7.539856458196324240e+01,4.514797283849957665e+01,4.091407584985162060e+01,8.458530064370249590e+01,9.712879025540742361e+01,8.033086177663405181e+01,2.345764237086100579e+01,2.386942717882866987e+02,9.341210431745848553e+01,9.802216372971626868e+01,1.909314640379022592e+02,2.171237966424044075e+01,9.858966594045169174e+00,2.425308996140351496e+02,6.814554879994715009e+01,1.007953185991894287e+02,6.071886338689935059e+01,1.842780717732139522e+02,9.110848860709451458e+01,3.032579784045807614e+01,1.633986723462932105e+02,-6.098906860518837014e+00
7.081330454994370882e+01,4.969680883064597054e+01,2.306638159207174681e+02,4.289155567605006780e+01,6.654015970104508426e+01,4.002316545204108955e+00,1.863136503992279529e+02,3.401477016806708065e+01,1.673529227382175293e+02,4.918611876245648062e+01,1.703332771509913073e+02,2.689385951067712881e+02,7.052741256288184957e+01,2.170293027168312605e+01,9.008412947677511795e+01,6.343691923262894505e+01,5.415137363478094557e+01,-7.114368398486447198e+00,1.434502841940243627e+02,1.175122116944926489e+02,9.802867690584803029e+01,6.793604900643400413e+01,1.397669820324409606e+01,1.023480054394454299e+02,9.577745980324790764e+01,1.632875164450097998e+02,8.994814705554075829e+01,7.671646126157226320e+01,1.280188901538359119e+02,5.113392264943782806e+01,1.011298386855763312e+02,2.029543015876988648e+02,5.752359175170695238e+01,4.624396109056404924e+01,8.417396645414852685e+01,-7.072266482843757807e+00,1.508577130450383379e+02,9.663361232661314659e+01,1.629102980427177050e+00,1.935576637999147565e+01,2.565101418188219782e+02,1.385760126394685869e+02,1.965707229603097161e+01,9.006701791562930737e+01,1.063310458538246763e+02,-4.082483993146367851e+01,4.178430119718967006e+01,8.719195780972908949e+01,-4.201998578325926559e+01,8.172805686967875261e+01,3.947532873258551689e+01,1.443377210258666992e+02,1.301164047076141799e+02,1.170254408322079911e+02,4.329290948952290563e+01,4.104913943825393829e+01,8.746102536694165508e+01,5.249998073537653198e+01,6.172062307330249809e+01,2.430911513657818190e+01,1.250763364873286179e+02,2.912701247570481300e+01,1.078458755721100992e+01,7.194400308909719399e+01
5.498444570219972860e+01,-1.379314857281599238e+01,1.865191281114952631e+02,9.312285567926180363e+01,8.681808218273799582e+01,5.924746287604420303e+01,1.528980970809889754e+02,4.511255950250258451e+01,9.893401641223319132e+01,6.066717694954703433e+01,1.733566583187240155e+02,6.143160813030234380e+01,-3.728073412840870304e+01,-6.556921528089175411e+01,4.520666395704252949e+01,1.395511171129015509e+02,9.549766372209943199e+01,2.371449563467464472e+01,8.270516285850958127e+01,1.480448960199609303e+02,-1.088925983445676415e+01,1.380979785493785243e+02,6.636993269006906360e+01,1.970583271552861220e+02,8.731711731391199294e+01,3.399486134636475185e+02,1.975657595005841571e+01,1.338908119946857482e+02,2.182674100780878916e+02,1.656527976544807927e+02,7.739883473840690442e+01,3.773651216567585465e+01,1.024139456545114371e+02,7.529329315136833145e+01,2.170226744675040891e+02,-1.996598274631721992e+01,1.047253853196039444e+02,-4.874094627105306721e+00,3.155714303728629133e+01,9.124113731946435735e+01,1.433026035486228693e+02,1.258093607513721537e+02,2.210717182649090784e+00,8.385525187204477149e+00,-4.548167245488343169e-01,1.207723029896356906e+02,8.858228493036078532e+01,-1.220185359103176239e+02,-7.815238961761393988e+00,1.590016852977882138e+02,-2.677335619338805017e+01,1.258167333796578049e+02,1.299061001081014126e+02,-3.501031063475323180e+01,6.140235686924454761e+00,1.810050720735922596e+02,1.681448003843399590e+02,4.583351924800637534e+01,8.375423825430770819e+01,1.677336152101638049e+02,7.428684213905965805e+01,-4.658260839898175476e+01,2.712685806013581100e+02,1.150019598057383341e+01
8.773674588562484189e+01,6.253442642618622216e+01,6.934637461259994495e+01,5.462896952961315122e+01,-1.270400791568704157e+01,-3.179993649737866135e-01,2.375472578215464807e+02,8.231073905591300388e+01,5.554472675006748972e+01,3.102254550393368149e+01,1.145563150323880421e+02,1.125115307793578125e+02,5.605167049411718239e+01,1.103032051625873855e+01,9.523854099837690512e+01,1.055547144102497583e+02,8.610757412910173514e+01,1.492466440659256648e+02,3.350742681629270248e+00,8.490940808112411275e+01,1.437119214603654598e+02,1.765301196401835853e+02,1.748639940503337868e+02,1.917749914192689857e+02,1.569129576524552476e+02,2.677243410468931870e+02,2.864487672598059120e+01,9.684559139735425504e+01,2.189028995488228873e+02,1.260419221259745228e+02,5.172047495332065381e+01,1.448270650016069965e+02,1.532793381387342606e+02,8.230547471246295288e+01,1.109177669952998571e+02,-3.077935698785338658e+01,7.451223010841444250e+01,-4.258182791323505256e+01,-5.409375490907918760e+01,1.971959833492853136e+02,1.992625046105977731e+02,1.232209876771861303e+02,5.363023102686880605e+01,4.887912702722373837e+01,8.018962941562789126e+01,8.218347799306967261e+01,-1.602549726866797286e+01,-6.704987210417455401e+01,2.470415937390057692e+01,1.013033896957615667e+02,1.327456171871687900e+02,8.228228565343441403e+01,1.790942802902150959e+02,8.819226966494396081e+00,1.455395868330100200e+02,1.311204443093849363e+02,8.599397260455886283e+01,1.086858792810119070e+02,8.177994433848921574e+01,2.079982957519987679e+02,1.400866358810759209e+02,1.751667099520126385e+02,1.165763804488406521e+02,2.520651952901964137e+02
7.454829146480433621e+01,3.737410286861474873e+01,1.505966032961935923e+02,6.319402023375885591e+01,-7.548263536731879242e+01,7.016408334994393670e+01,9.187912919346173624e+01,1.119922065218048379e+00,2.865388423520797900e+01,9.386194573819393838e+01,1.408389280980415208e+02,1.897455784519941062e+02,3.499235127861765449e+01,-2.157866457430656837e+01,1.938703177766676049e+02,1.377853192549238486e+02,2.393117223347118383e+01,1.020429296584523939e+02,8.888595272082964982e+01,7.836468862727484463e+01,1.387248509008287272e+02,1.002558101180994612e+02,1.547256956065723159e+02,1.758499501913312884e+02,2.076799791642436048e+02,1.625386002630513076e+02,1.138013735077158941e+02,1.674924432649937671e+02,2.391333621370783362e+02,9.976729687775075206e+01,7.198627653073329213e+01,3.451032609085302028e+01,7.222350189053371139e+01,5.742732349682810167e+01,1.215828893628589782e+02,1.149552700100642113e+02,2.231081218074137666e+02,9.149971128170618329e+01,1.312431749340703213e+01,4.136637514022822160e+01,2.499834047364757055e+02,2.665763214964478038e+02,1.627223385067821653e+02,-3.845121530243743990e+01,1.396403864594830395e+02,1.055319229355866497e+02,2.087408794617217893e+02,3.510959972770066173e+01,1.394905343526708634e+02,8.180349781330419034e+01,9.478727981608868447e+01,8.619449163376201284e+01,7.517604014841693072e+01,-1.252406564651309218e+01,6.435803301974017643e+01,3.367662705322515393e+01,4.020294286961600250e+01,7.964506982700568472e+01,1.788678751814209704e+02,1.529703545825711046e+02,1.806386687805527629e+02,1.113915448660129783e+02,1.505200513043369597e+02,1.880352822310804299e+02
8.551592267167505668e+01,1.868213587199462822e+01,1.113663402333209120e+02,4.858040121185069182e+01,5.224214927332936753e+01,7.984007898729215924e+01,9.948905267966877375e+01,8.982157721355575575e+01,2.272455297456232515e+01,-8.033773749449578006e+00,9.747329734421937530e+01,8.903190519253810464e+01,7.221831946280231307e+01,7.873546723402568226e+00,4.876513098128753398e+01,1.893999804807755254e+02,4.891697784703551832e+01,9.233743703216389065e+01,1.801451827940780674e+02,1.905662707244459497e+01,1.333863844511284640e+02,1.138531904875783454e+02,1.058455359167709133e+02,1.090077043301107409e+02,4.637249908476803029e+01,4.480807880264946874e+01,6.561078558835474439e+01,9.332799401269296879e+01,2.578061472395809233e+02,8.427727683946172021e+01,1.347732631150399811e+02,9.065339341391974415e+01,7.912435999646304197e+01,8.790301418466482630e+01,1.979545270775595327e+02,9.475244448768903283e+01,1.509164040034427217e+02,1.298872379875248555e+02,5.549584633079972740e+00,4.134414403402785609e+01,1.830762451748846047e+02,1.429030189776802899e+02,4.963552955183913440e+01,8.185938755147502377e+01,1.718262749010434902e+02,1.065652260757943139e+02,2.114866228504652383e+02,-1.935894693723127702e+01,1.687071277851614681e+01,1.748149461633374457e+01,1.585086381387767744e+02,5.921759506763989833e+01,3.895115417851257700e+00,-5.866668386609318731e+01,8.641648766367636370e+01,1.957396688451850935e+02,8.098715595981074955e+01,1.665238187763762028e+02,7.649497067374609571e+01,6.886593438313325066e+01,1.391344324785492574e+02,5.338719013998626650e+01,7.492916207061382750e+01,7.837940763089078189e+01
-1.618199492519067562e+01,8.742476107537198970e+01,1.546956729609582908e+02,-8.576095360623979147e+00,1.328690044759994464e+02,5.434833253348258353e+01,2.163935394184690324e+02,8.977207943976493709e+01,8.349413660484471222e+01,1.921197026488740889e+01,1.631931000007469095e+02,7.307244354173290901e+01,1.314669296661463527e+01,-6.915742524071787045e+01,3.090515399779114318e+02,1.284258057329345775e+02,7.453950865183854546e+01,8.916073548386192726e+01,9.371642101489995014e+01,1.673683651914892039e+02,1.278561829315627421e+02,2.212279847497277956e+02,1.549004086231597626e+02,9.740094466383906990e+01,8.895054211679463663e+01,2.253057044450556816e+02,1.570243673017834567e+02,6.478229026383174016e+01,2.573045247354243656e+02,2.068564272468264775e+01,1.165782955216520946e+02,1.324574053392701671e+02,1.392154244994614203e+02,3.399903253278323945e+01,7.296372284670836450e+01,7.726478047915817626e+01,1.471598721671796000e+02,5.849735684426703841e+01,-1.400267909123620029e+02,1.860523866179519459e+01,1.773244865891143434e+02,1.883277288216688987e+02,7.717820875630108901e+01,-7.996351511785347554e+01,8.981822223761425050e+01,-3.702442167075047919e-01,6.699037900830261094e+01,6.333669628038051513e+01,2.135592902030580476e+01,1.324212382246336688e+02,1.196769018877219395e+02,6.378226145304920891e+01,1.701273915645451211e+02,2.320252137595346298e+01,8.119402742243762816e+01,2.794011178544053209e+01,2.342487099007861389e+02,1.055252262485595196e+02,5.917130267221181583e+01,2.137090177261491135e+02,1.190972634890208184e+02,7.292307360637904878e+01,1.395069645323765144e+02,1.210312647206279557e+01
-4.368443009772348518e+01,3.132489079087363493e+01,1.364355675153916252e+02,-3.327774237540381108e+01,2.985489808100538411e+01,4.326153295677314503e+01,3.292400263852356801e+01,3.780278676410730299e+01,1.203955779905285652e+02,-9.105572763701273331e+00,2.311384392092108158e+02,8.727711040439344004e+01,1.410536884652202332e+02,4.351329875706965389e+00,1.465594510331235938e+02,1.117882138379044790e+02,-1.967768781083733742e+01,-7.436125200479536090e+01,1.089233788097665325e+02,-5.547344550054233281e+01,1.445957785378481901e+02,1.308762758291059640e+02,3.196970035537205135e+01,1.418244157303405188e+02,8.387831782110664847e+01,1.913134017692108273e+02,1.417455558128999087e+02,2.832660848017809041e+00,1.737661740772722112e+02,1.041328319989709286e+02,6.203740766874687296e+01,1.601466967969144832e+02,4.942487078922751920e+01,7.148593293040404717e+01,1.140070939840143041e+02,5.280543974075512637e+01,1.647558517014146844e+02,8.317122949206277838e+01,5.303474544700036830e+01,6.068754706589628789e+00,1.620675730905851424e+02,1.663351577244398243e+02,1.096802894292814159e+02,2.448996191608543072e+01,-5.603769944890756705e+01,6.649770826596677864e+01,1.861579489718323259e+02,5.678045806805086926e+01,-1.359854754374722852e+01,1.862534293222139752e+02,5.212651520416499551e+01,1.503372645519362827e+01,2.006823161040393870e+02,3.996156941719063838e+01,7.084629159308518354e+01,5.375818307662427031e+01,1.066931971285711569e+02,1.214461341048078538e+02,1.680238507954178999e+02,1.623792996382711067e+02,1.107489729466948205e+02,2.971760502026299022e+01,4.948761182070881404e+01,1.128409447169964466e+02
5.451768514852516345e-01,-7.307920730781346519e-01,1.461669166768153332e+02,1.055672085493952608e+02,1.133080198155944487e+02,-1.203579762253603604e+02,1.442349137827036714e+02,-1.200846448280223768e+02,6.545563351414428155e+01,2.937172334132042906e+01,1.285382566543979692e+02,5.050465799234515174e+01,1.138771024223217267e+02,3.351152639243792208e+01,-2.005720476470073876e+01,7.326521011288276952e+01,6.181161290284008913e+01,-3.659053865590066579e+01,8.500618324323026798e+01,-2.676744363370175606e+01,1.365617060601564674e+02,1.500840749590004179e+02,1.294437037079098900e+02,1.026813936810810759e+02,1.834173585146814034e+01,1.815957155621105983e+02,-8.556777850694528809e+01,1.230525079007449420e+02,1.308584191324513029e+02,4.229672117697091238e+01,3.056270205821220642e+01,1.496415397872929702e+02,1.194099324139940990e+02,6.786541138277256380e+01,1.102067287786390040e+02,1.116547969755465743e+02,3.043687495551949596e+01,7.835781672751450344e+01,6.711082433099589650e+01,5.121021672778169176e+01,1.415331016986875738e+02,1.137277487055498959e+01,9.868486579565070826e+01,3.642937602696959942e+01,2.717993415621400004e+02,8.011582430071938177e+01,1.176518514708568688e+02,6.062503605228641135e+01,2.893647528932063651e+01,1.546033465451124016e+02,6.166001136271858485e+01,1.985719021227793917e+02,9.592538504774593378e+01,3.270945831825854810e+01,5.629826414121907163e+01,9.772510309966618536e+01,3.545085349960785237e+01,1.059564711148652663e+02,5.214472693317872398e+01,9.785021039752093941e+01,9.663408982545361425e+01,-1.055664203502004561e+01,1.193687976297041899e+02,4.117475750256004829e+01
