tp,fp,tn,fn,tpr,recall,fpr,precision,f1,iou,filter,label,frame_idx,snr_before,snr_after,snr_improvement,contrast_before,contrast_after,contrast_change,params
140,0,12139,9,0.9395973154362416,0.9395973154362416,0.0,1.0,0.9688581314878892,0.9395973154362416,none,none,0,0.8729022746261866,0.8729022746261866,0.0,23.19522589570633,23.19522589570633,0.0,{}
140,0,12139,9,0.9395973154362416,0.9395973154362416,0.0,1.0,0.9688581314878892,0.9395973154362416,none,none,1,0.9132258850474145,0.9132258850474145,0.0,23.417759761038013,23.417759761038013,0.0,{}
133,0,12139,16,0.8926174496644296,0.8926174496644296,0.0,1.0,0.9432624113475176,0.8926174496644296,none,none,2,0.7472847494486167,0.7472847494486167,0.0,22.423951962087614,22.423951962087614,0.0,{}
138,0,12139,11,0.9261744966442953,0.9261744966442953,0.0,1.0,0.9616724738675958,0.9261744966442953,none,none,3,1.1062823845290635,1.1062823845290635,0.0,26.000810869276535,26.000810869276535,0.0,{}
142,0,12139,7,0.9530201342281879,0.9530201342281879,0.0,1.0,0.9759450171821306,0.9530201342281879,none,none,4,0.8855104426545294,0.8855104426545294,0.0,23.531814274788587,23.531814274788587,0.0,{}
140,0,12139,9,0.9395973154362416,0.9395973154362416,0.0,1.0,0.9688581314878892,0.9395973154362416,none,none,5,0.9737528142512779,0.9737528142512779,0.0,23.063294779970335,23.063294779970335,0.0,{}
139,0,12139,10,0.9328859060402684,0.9328859060402684,0.0,1.0,0.9652777777777778,0.9328859060402684,none,none,6,0.9052996090199855,0.9052996090199855,0.0,21.364602525680368,21.364602525680368,0.0,{}
140,0,12139,9,0.9395973154362416,0.9395973154362416,0.0,1.0,0.9688581314878892,0.9395973154362416,none,none,7,0.9282303447279603,0.9282303447279603,0.0,22.913927585287183,22.913927585287183,0.0,{}
137,0,12139,12,0.9194630872483222,0.9194630872483222,0.0,1.0,0.958041958041958,0.9194630872483222,none,none,8,0.9263648489851434,0.9263648489851434,0.0,22.868457417114143,22.868457417114143,0.0,{}
144,0,12139,5,0.9664429530201343,0.9664429530201343,0.0,1.0,0.9829351535836178,0.9664429530201343,none,none,9,0.9721968411334363,0.9721968411334363,0.0,23.990665506444003,23.990665506444003,0.0,{}
138,0,12139,11,0.9261744966442953,0.9261744966442953,0.0,1.0,0.9616724738675958,0.9261744966442953,none,none,10,0.8297047864677873,0.8297047864677873,0.0,22.802197439326136,22.802197439326136,0.0,{}
138,0,12139,11,0.9261744966442953,0.9261744966442953,0.0,1.0,0.9616724738675958,0.9261744966442953,none,none,11,1.0747780466188417,1.0747780466188417,0.0,28.48448086556752,28.48448086556752,0.0,{}
142,0,12139,7,0.9530201342281879,0.9530201342281879,0.0,1.0,0.9759450171821306,0.9530201342281879,none,none,12,0.7975702665964833,0.7975702665964833,0.0,21.138410548184652,21.138410548184652,0.0,{}
142,0,12139,7,0.9530201342281879,0.9530201342281879,0.0,1.0,0.9759450171821306,0.9530201342281879,none,none,13,0.8959729304041005,0.8959729304041005,0.0,22.975527759078005,22.975527759078005,0.0,{}
137,0,12139,12,0.9194630872483222,0.9194630872483222,0.0,1.0,0.958041958041958,0.9194630872483222,none,none,14,0.885733425225472,0.885733425225472,0.0,22.72255353043741,22.72255353043741,0.0,{}
145,0,12139,4,0.9731543624161074,0.9731543624161074,0.0,1.0,0.9863945578231292,0.9731543624161074,none,none,15,0.9755375574485559,0.9755375574485559,0.0,24.08471717510264,24.08471717510264,0.0,{}
136,0,12139,13,0.912751677852349,0.912751677852349,0.0,1.0,0.9543859649122807,0.912751677852349,none,none,16,0.8357383526811024,0.8357383526811024,0.0,22.96094511830296,22.96094511830296,0.0,{}
141,0,12139,8,0.9463087248322147,0.9463087248322147,0.0,1.0,0.9724137931034482,0.9463087248322147,none,none,17,0.8297315014323717,0.8297315014323717,0.0,22.79879168709354,22.79879168709354,0.0,{}
143,1,12138,6,0.959731543624161,0.959731543624161,8.237910865804432e-05,0.9930555555555556,0.9761092150170648,0.9533333333333334,none,none,18,0.8282361002571499,0.8282361002571499,0.0,23.48098920596513,23.48098920596513,0.0,{}
136,0,12139,13,0.912751677852349,0.912751677852349,0.0,1.0,0.9543859649122807,0.912751677852349,none,none,19,0.791123934282152,0.791123934282152,0.0,23.098408229378123,23.098408229378123,0.0,{}
141,0,12139,8,0.9463087248322147,0.9463087248322147,0.0,1.0,0.9724137931034482,0.9463087248322147,none,none,20,1.0482274508523426,1.0482274508523426,0.0,23.715584326441018,23.715584326441018,0.0,{}
146,0,12139,3,0.9798657718120806,0.9798657718120806,0.0,1.0,0.9898305084745762,0.9798657718120806,none,none,21,0.9068095903975193,0.9068095903975193,0.0,23.26121359041045,23.26121359041045,0.0,{}
140,0,12139,9,0.9395973154362416,0.9395973154362416,0.0,1.0,0.9688581314878892,0.9395973154362416,none,none,22,0.7962807325814497,0.7962807325814497,0.0,22.574008719215016,22.574008719215016,0.0,{}
142,0,12139,7,0.9530201342281879,0.9530201342281879,0.0,1.0,0.9759450171821306,0.9530201342281879,none,none,23,0.7846932406097991,0.7846932406097991,0.0,22.903523272324293,22.903523272324293,0.0,{}
149,143,11996,0,1.0,1.0,0.011780212538100339,0.5102739726027398,0.6757369614512472,0.5102739726027398,gaussian,gaussian_k3_s1,0,0.8729022746261866,2.2354201355550423,1.3625178609288557,23.19522589570633,21.048904418945312,-2.146321476761017,"{'ksize': 3, 'sigma': 1.0}"
149,124,12015,0,1.0,1.0,0.010215009473597495,0.5457875457875457,0.7061611374407583,0.5457875457875457,gaussian,gaussian_k3_s1,1,0.9132258850474145,2.316406302797984,1.4031804177505696,23.417759761038013,21.410598754882812,-2.0071610061552008,"{'ksize': 3, 'sigma': 1.0}"
149,169,11970,0,1.0,1.0,0.01392206936320949,0.46855345911949686,0.6381156316916489,0.46855345911949686,gaussian,gaussian_k3_s1,2,0.7472847494486167,1.9419829904392074,1.1946982409905909,22.423951962087614,20.42108154296875,-2.0028704191188638,"{'ksize': 3, 'sigma': 1.0}"
141,101,12038,8,0.9463087248322147,0.9463087248322147,0.008320289974462476,0.5826446280991735,0.7212276214833759,0.564,gaussian,gaussian_k3_s1,3,1.1062823845290635,2.6026162768556707,1.4963338923266072,26.000810869276535,21.833831787109375,-4.16697908216716,"{'ksize': 3, 'sigma': 1.0}"
149,139,12000,0,1.0,1.0,0.011450696103468161,0.5173611111111112,0.6819221967963387,0.5173611111111112,gaussian,gaussian_k3_s1,4,0.8855104426545294,2.264124281688313,1.3786138390337834,23.531814274788587,21.4293212890625,-2.1024929857260872,"{'ksize': 3, 'sigma': 1.0}"
149,110,12029,0,1.0,1.0,0.009061701952384876,0.5752895752895753,0.7303921568627451,0.5752895752895753,gaussian,gaussian_k3_s1,5,0.9737528142512779,2.407524033894983,1.433771219643705,23.063294779970335,20.921157836914062,-2.142136943056272,"{'ksize': 3, 'sigma': 1.0}"
141,114,12025,8,0.9463087248322147,0.9463087248322147,0.009391218387017052,0.5529411764705883,0.6980198019801981,0.5361216730038023,gaussian,gaussian_k3_s1,6,0.9052996090199855,2.36165516927973,1.4563555602597447,21.364602525680368,19.427947998046875,-1.9366545276334932,"{'ksize': 3, 'sigma': 1.0}"
149,122,12017,0,1.0,1.0,0.010050251256281407,0.5498154981549815,0.7095238095238096,0.5498154981549815,gaussian,gaussian_k3_s1,7,0.9282303447279603,2.3632003809265503,1.43497003619859,22.913927585287183,20.806884765625,-2.1070428196621833,"{'ksize': 3, 'sigma': 1.0}"
149,124,12015,0,1.0,1.0,0.010215009473597495,0.5457875457875457,0.7061611374407583,0.5457875457875457,gaussian,gaussian_k3_s1,8,0.9263648489851434,2.4074229972701935,1.48105814828505,22.868457417114143,20.87396240234375,-1.9944950147703935,"{'ksize': 3, 'sigma': 1.0}"
149,118,12021,0,1.0,1.0,0.00972073482164923,0.5580524344569289,0.7163461538461539,0.5580524344569289,gaussian,gaussian_k3_s1,9,0.9721968411334363,2.4817832002404194,1.5095863591069831,23.990665506444003,21.720947265625,-2.269718240819003,"{'ksize': 3, 'sigma': 1.0}"
149,142,11997,0,1.0,1.0,0.011697833429442294,0.5120274914089347,0.6772727272727272,0.5120274914089347,gaussian,gaussian_k3_s1,10,0.8297047864677873,2.0920902703837125,1.2623854839159252,22.802197439326136,20.724777221679688,-2.0774202176464485,"{'ksize': 3, 'sigma': 1.0}"
149,129,12010,0,1.0,1.0,0.010626905016887718,0.5359712230215827,0.6978922716627635,0.5359712230215827,gaussian,gaussian_k3_s1,11,1.0747780466188417,2.4762183216019857,1.401440274983144,28.48448086556752,25.280776977539062,-3.203703888028457,"{'ksize': 3, 'sigma': 1.0}"
143,126,12013,6,0.959731543624161,0.959731543624161,0.010379767690913585,0.5315985130111525,0.6842105263157895,0.52,gaussian,gaussian_k3_s1,12,0.7975702665964833,1.9760126754123006,1.1784424088158172,21.138410548184652,19.072769165039062,-2.0656413831455893,"{'ksize': 3, 'sigma': 1.0}"
149,129,12010,0,1.0,1.0,0.010626905016887718,0.5359712230215827,0.6978922716627635,0.5359712230215827,gaussian,gaussian_k3_s1,13,0.8959729304041005,2.2247775666882372,1.3288046362841368,22.975527759078005,20.8328857421875,-2.1426420168905054,"{'ksize': 3, 'sigma': 1.0}"
149,125,12014,0,1.0,1.0,0.01029738858225554,0.5437956204379562,0.7044917257683214,0.5437956204379562,gaussian,gaussian_k3_s1,14,0.885733425225472,2.2058846800020815,1.3201512547766094,22.72255353043741,20.659378051757812,-2.0631754786795966,"{'ksize': 3, 'sigma': 1.0}"
149,118,12021,0,1.0,1.0,0.00972073482164923,0.5580524344569289,0.7163461538461539,0.5580524344569289,gaussian,gaussian_k3_s1,15,0.9755375574485559,2.494959069122929,1.519421511674373,24.08471717510264,21.872314453125,-2.2124027219776394,"{'ksize': 3, 'sigma': 1.0}"
149,151,11988,0,1.0,1.0,0.012439245407364692,0.49666666666666665,0.6636971046770601,0.49666666666666665,gaussian,gaussian_k3_s1,16,0.8357383526811024,2.148662595324444,1.3129242426433414,22.96094511830296,20.9210205078125,-2.039924610490459,"{'ksize': 3, 'sigma': 1.0}"
149,146,11993,0,1.0,1.0,0.012027349864074471,0.5050847457627119,0.6711711711711712,0.5050847457627119,gaussian,gaussian_k3_s1,17,0.8297315014323717,2.1273670326679324,1.2976355312355605,22.79879168709354,20.751678466796875,-2.0471132202966658,"{'ksize': 3, 'sigma': 1.0}"
149,147,11992,0,1.0,1.0,0.012109728972732514,0.5033783783783784,0.6696629213483146,0.5033783783783784,gaussian,gaussian_k3_s1,18,0.8282361002571499,2.222746227331855,1.3945101270747051,23.48098920596513,22.625106811523438,-0.8558823944416929,"{'ksize': 3, 'sigma': 1.0}"
148,162,11977,1,0.9932885906040269,0.9932885906040269,0.01334541560260318,0.4774193548387097,0.644880174291939,0.4758842443729904,gaussian,gaussian_k3_s1,19,0.791123934282152,2.0206397756355914,1.2295158413534395,23.098408229378123,20.878463745117188,-2.2199444842609353,"{'ksize': 3, 'sigma': 1.0}"
149,97,12042,0,1.0,1.0,0.0079907735398303,0.6056910569105691,0.7544303797468355,0.6056910569105691,gaussian,gaussian_k3_s1,20,1.0482274508523426,2.7241220659573173,1.6758946151049747,23.715584326441018,21.725265502929688,-1.9903188235113305,"{'ksize': 3, 'sigma': 1.0}"
149,127,12012,0,1.0,1.0,0.010462146799571628,0.5398550724637681,0.7011764705882353,0.5398550724637681,gaussian,gaussian_k3_s1,21,0.9068095903975193,2.3214329828053586,1.4146233924078393,23.26121359041045,21.131866455078125,-2.129347135332324,"{'ksize': 3, 'sigma': 1.0}"
149,159,11980,0,1.0,1.0,0.013098278276629047,0.4837662337662338,0.6520787746170679,0.4837662337662338,gaussian,gaussian_k3_s1,22,0.7962807325814497,1.9962990214469356,1.2000182888654858,22.574008719215016,20.399429321289062,-2.174579397925953,"{'ksize': 3, 'sigma': 1.0}"
149,161,11978,0,1.0,1.0,0.013263036493945135,0.4806451612903226,0.6492374727668845,0.4806451612903226,gaussian,gaussian_k3_s1,23,0.7846932406097991,2.0109887931355526,1.2262955525257535,22.903523272324293,20.702255249023438,-2.2012680233008552,"{'ksize': 3, 'sigma': 1.0}"
149,354,11785,0,1.0,1.0,0.02916220446494769,0.2962226640159046,0.45705521472392635,0.2962226640159046,gaussian,gaussian_k5_s1p4,0,0.8729022746261866,3.195484361097761,2.3225820864715745,23.19522589570633,19.87237548828125,-3.3228504074250793,"{'ksize': 5, 'sigma': 1.4}"
149,322,11817,0,1.0,1.0,0.02652607298789027,0.31634819532908703,0.4806451612903226,0.31634819532908703,gaussian,gaussian_k5_s1p4,1,0.9132258850474145,3.2320201936194315,2.318794308572017,23.417759761038013,20.179840087890625,-3.2379196731473883,"{'ksize': 5, 'sigma': 1.4}"
149,434,11705,0,1.0,1.0,0.035752533157591235,0.2555746140651801,0.40710382513661203,0.2555746140651801,gaussian,gaussian_k5_s1p4,2,0.7472847494486167,2.810724300445652,2.0634395509970354,22.423951962087614,19.193893432617188,-3.2300585294704263,"{'ksize': 5, 'sigma': 1.4}"
147,262,11877,2,0.9865771812080537,0.9865771812080537,0.02158332646840761,0.3594132029339853,0.5268817204301075,0.35766423357664234,gaussian,gaussian_k5_s1p4,3,1.1062823845290635,3.6995891261431573,2.593306741614094,26.000810869276535,20.23114013671875,-5.769670732557785,"{'ksize': 5, 'sigma': 1.4}"
149,358,11781,0,1.0,1.0,0.029491720899579868,0.2938856015779093,0.45426829268292684,0.2938856015779093,gaussian,gaussian_k5_s1p4,4,0.8855104426545294,3.2298041645303774,2.344293721875848,23.531814274788587,20.194732666015625,-3.3370816087729622,"{'ksize': 5, 'sigma': 1.4}"
149,274,11865,0,1.0,1.0,0.022571875772304142,0.35224586288416077,0.520979020979021,0.35224586288416077,gaussian,gaussian_k5_s1p4,5,0.9737528142512779,3.405726883497457,2.431974069246179,23.063294779970335,19.712142944335938,-3.351151835634397,"{'ksize': 5, 'sigma': 1.4}"
146,285,11854,3,0.9798657718120806,0.9798657718120806,0.023478045967542632,0.33874709976798145,0.503448275862069,0.33640552995391704,gaussian,gaussian_k5_s1p4,6,0.9052996090199855,3.3925439098633468,2.4872443008433613,21.364602525680368,18.22735595703125,-3.137246568649118,"{'ksize': 5, 'sigma': 1.4}"
149,294,11845,0,1.0,1.0,0.02421945794546503,0.3363431151241535,0.5033783783783783,0.3363431151241535,gaussian,gaussian_k5_s1p4,7,0.9282303447279603,3.4788609908060057,2.5506306460780452,22.913927585287183,19.967559814453125,-2.9463677708340583,"{'ksize': 5, 'sigma': 1.4}"
149,300,11839,0,1.0,1.0,0.024713732597413295,0.33184855233853006,0.49832775919732447,0.33184855233853006,gaussian,gaussian_k5_s1p4,8,0.9263648489851434,3.501096632419138,2.5747317834339944,22.868457417114143,19.693817138671875,-3.1746402784422685,"{'ksize': 5, 'sigma': 1.4}"
149,316,11823,0,1.0,1.0,0.026031798335942005,0.3204301075268817,0.485342019543974,0.3204301075268817,gaussian,gaussian_k5_s1p4,9,0.9721968411334363,3.600900253251807,2.6287034121183703,23.990665506444003,20.46673583984375,-3.523929666600253,"{'ksize': 5, 'sigma': 1.4}"
149,360,11779,0,1.0,1.0,0.029656479116895954,0.29273084479371314,0.45288753799392095,0.29273084479371314,gaussian,gaussian_k5_s1p4,10,0.8297047864677873,3.0019146641345666,2.1722098776667793,22.802197439326136,19.558258056640625,-3.243939382685511,"{'ksize': 5, 'sigma': 1.4}"
149,328,11811,0,1.0,1.0,0.027020347639838536,0.31236897274633124,0.476038338658147,0.31236897274633124,gaussian,gaussian_k5_s1p4,11,1.0747780466188417,3.502299017832391,2.427520971213549,28.48448086556752,23.584671020507812,-4.899809845059707,"{'ksize': 5, 'sigma': 1.4}"
148,313,11826,1,0.9932885906040269,0.9932885906040269,0.02578466100996787,0.3210412147505423,0.4852459016393443,0.3203463203463203,gaussian,gaussian_k5_s1p4,12,0.7975702665964833,2.7049460307550706,1.9073757641585871,21.138410548184652,17.842025756835938,-3.2963847913487143,"{'ksize': 5, 'sigma': 1.4}"
149,335,11804,0,1.0,1.0,0.027597001400444847,0.30785123966942146,0.47077409162717215,0.30785123966942146,gaussian,gaussian_k5_s1p4,13,0.8959729304041005,3.178671489956796,2.2826985595526956,22.975527759078005,19.669403076171875,-3.3061246829061304,"{'ksize': 5, 'sigma': 1.4}"
149,308,11831,0,1.0,1.0,0.02537276546667765,0.32603938730853393,0.4917491749174918,0.32603938730853393,gaussian,gaussian_k5_s1p4,14,0.885733425225472,3.125613785909509,2.2398803606840367,22.72255353043741,19.408782958984375,-3.313770571453034,"{'ksize': 5, 'sigma': 1.4}"
149,303,11836,0,1.0,1.0,0.02496086992338743,0.32964601769911506,0.4958402662229618,0.32964601769911506,gaussian,gaussian_k5_s1p4,15,0.9755375574485559,3.6007738251267862,2.6252362676782304,24.08471717510264,20.606674194335938,-3.478042980766702,"{'ksize': 5, 'sigma': 1.4}"
149,374,11765,0,1.0,1.0,0.030809786638108575,0.28489483747609945,0.44345238095238093,0.28489483747609945,gaussian,gaussian_k5_s1p4,16,0.8357383526811024,3.1091440694920682,2.2734057168109656,22.96094511830296,19.719085693359375,-3.241859424943584,"{'ksize': 5, 'sigma': 1.4}"
149,379,11760,0,1.0,1.0,0.031221682181398796,0.2821969696969697,0.44017725258493356,0.2821969696969697,gaussian,gaussian_k5_s1p4,17,0.8297315014323717,3.0527642160347455,2.2230327146023736,22.79879168709354,19.524826049804688,-3.2739656372888533,"{'ksize': 5, 'sigma': 1.4}"
149,360,11779,0,1.0,1.0,0.029656479116895954,0.29273084479371314,0.45288753799392095,0.29273084479371314,gaussian,gaussian_k5_s1p4,18,0.8282361002571499,3.243050101686382,2.4148140014292325,23.48098920596513,21.722549438476562,-1.758439767488568,"{'ksize': 5, 'sigma': 1.4}"
148,412,11727,1,0.9932885906040269,0.9932885906040269,0.03394019276711426,0.2642857142857143,0.4174894217207334,0.2638146167557932,gaussian,gaussian_k5_s1p4,19,0.791123934282152,2.8940128668247658,2.102888932542614,23.098408229378123,19.484405517578125,-3.6140027117999978,"{'ksize': 5, 'sigma': 1.4}"
149,254,11885,0,1.0,1.0,0.020924293599143256,0.369727047146402,0.5398550724637681,0.369727047146402,gaussian,gaussian_k5_s1p4,20,1.0482274508523426,3.931585895808832,2.8833584449564897,23.715584326441018,20.547805786132812,-3.1677785403082055,"{'ksize': 5, 'sigma': 1.4}"
149,334,11805,0,1.0,1.0,0.027514622291786802,0.3084886128364389,0.4715189873417721,0.3084886128364389,gaussian,gaussian_k5_s1p4,21,0.9068095903975193,3.3647405436504783,2.457930953252959,23.26121359041045,19.894424438476562,-3.3667891519338866,"{'ksize': 5, 'sigma': 1.4}"
149,405,11734,0,1.0,1.0,0.03336353900650795,0.26895306859205775,0.4238975817923186,0.26895306859205775,gaussian,gaussian_k5_s1p4,22,0.7962807325814497,2.833669882828997,2.0373891502475474,22.574008719215016,19.2064208984375,-3.3675878207775156,"{'ksize': 5, 'sigma': 1.4}"
149,407,11732,0,1.0,1.0,0.03352829722382404,0.26798561151079137,0.42269503546099296,0.26798561151079137,gaussian,gaussian_k5_s1p4,23,0.7846932406097991,2.8950175503738422,2.110324309764043,22.903523272324293,19.48126220703125,-3.4222610652930427,"{'ksize': 5, 'sigma': 1.4}"
145,4,12135,4,0.9731543624161074,0.9731543624161074,0.0003295164346321773,0.9731543624161074,0.9731543624161074,0.9477124183006536,median,median_k3,0,0.8729022746261866,11.324749828669148,10.451847554042962,23.19522589570633,22.431198120117188,-0.7640277755891418,{'ksize': 3}
145,0,12139,4,0.9731543624161074,0.9731543624161074,0.0,1.0,0.9863945578231292,0.9731543624161074,median,median_k3,1,0.9132258850474145,11.42086303054324,10.507637145495826,23.417759761038013,22.58905029296875,-0.8287094680692633,{'ksize': 3}
145,3,12136,4,0.9731543624161074,0.9731543624161074,0.00024713732597413297,0.9797297297297297,0.9764309764309763,0.9539473684210527,median,median_k3,2,0.7472847494486167,10.888910624637719,10.141625875189101,22.423951962087614,21.950424194335938,-0.47352776775167627,{'ksize': 3}
146,1,12138,3,0.9798657718120806,0.9798657718120806,8.237910865804432e-05,0.9931972789115646,0.9864864864864865,0.9733333333333334,median,median_k3,3,1.1062823845290635,10.698474264545506,9.592191880016443,26.000810869276535,21.342620849609375,-4.65819001966716,{'ksize': 3}
146,2,12137,3,0.9798657718120806,0.9798657718120806,0.00016475821731608864,0.9864864864864865,0.9831649831649831,0.9668874172185431,median,median_k3,4,0.8855104426545294,11.457602962703884,10.572092520049354,23.531814274788587,22.962265014648438,-0.5695492601401497,{'ksize': 3}
145,0,12139,4,0.9731543624161074,0.9731543624161074,0.0,1.0,0.9863945578231292,0.9731543624161074,median,median_k3,5,0.9737528142512779,10.765054196043566,9.79130138179229,23.063294779970335,21.894317626953125,-1.1689771530172095,{'ksize': 3}
145,1,12138,4,0.9731543624161074,0.9731543624161074,8.237910865804432e-05,0.9931506849315068,0.983050847457627,0.9666666666666667,median,median_k3,6,0.9052996090199855,10.73838811698801,9.833088507968025,21.364602525680368,21.81488037109375,0.4502778454133818,{'ksize': 3}
145,0,12139,4,0.9731543624161074,0.9731543624161074,0.0,1.0,0.9863945578231292,0.9731543624161074,median,median_k3,7,0.9282303447279603,10.63393014062898,9.705699795901019,22.913927585287183,22.143478393554688,-0.7704491917324958,{'ksize': 3}
147,3,12136,2,0.9865771812080537,0.9865771812080537,0.00024713732597413297,0.98,0.9832775919732442,0.9671052631578947,median,median_k3,8,0.9263648489851434,10.679079061645671,9.752714212660528,22.868457417114143,22.2213134765625,-0.6471439405516435,{'ksize': 3}
145,2,12137,4,0.9731543624161074,0.9731543624161074,0.00016475821731608864,0.9863945578231292,0.9797297297297297,0.9602649006622517,median,median_k3,9,0.9721968411334363,11.4794150985792,10.507218257445762,23.990665506444003,22.923507690429688,-1.0671578160143156,{'ksize': 3}
146,5,12134,3,0.9798657718120806,0.9798657718120806,0.0004118955432902216,0.9668874172185431,0.9733333333333333,0.948051948051948,median,median_k3,10,0.8297047864677873,10.864410579891032,10.034705793423246,22.802197439326136,22.181228637695312,-0.6209688016308235,{'ksize': 3}
145,1,12138,4,0.9731543624161074,0.9731543624161074,8.237910865804432e-05,0.9931506849315068,0.983050847457627,0.9666666666666667,median,median_k3,11,1.0747780466188417,11.423250020734782,10.34847197411594,28.48448086556752,22.460861206054688,-6.023619659512832,{'ksize': 3}
145,0,12139,4,0.9731543624161074,0.9731543624161074,0.0,1.0,0.9863945578231292,0.9731543624161074,median,median_k3,12,0.7975702665964833,11.026409107731476,10.228838841134992,21.138410548184652,22.055938720703125,0.9175281725184732,{'ksize': 3}
146,1,12138,3,0.9798657718120806,0.9798657718120806,8.237910865804432e-05,0.9931972789115646,0.9864864864864865,0.9733333333333334,median,median_k3,13,0.8959729304041005,11.301392973487145,10.405420043083044,22.975527759078005,22.263198852539062,-0.7123289065389429,{'ksize': 3}
145,1,12138,4,0.9731543624161074,0.9731543624161074,8.237910865804432e-05,0.9931506849315068,0.983050847457627,0.9666666666666667,median,median_k3,14,0.885733425225472,10.785713762013815,9.899980336788342,22.72255353043741,21.745513916015625,-0.9770396144217841,{'ksize': 3}
145,0,12139,4,0.9731543624161074,0.9731543624161074,0.0,1.0,0.9863945578231292,0.9731543624161074,median,median_k3,15,0.9755375574485559,11.487562201992496,10.51202464454394,24.08471717510264,23.170486450195312,-0.9142307249073269,{'ksize': 3}
145,1,12138,4,0.9731543624161074,0.9731543624161074,8.237910865804432e-05,0.9931506849315068,0.983050847457627,0.9666666666666667,median,median_k3,16,0.8357383526811024,10.905842568372755,10.070104215691652,22.96094511830296,22.377853393554688,-0.5830917247482716,{'ksize': 3}
145,1,12138,4,0.9731543624161074,0.9731543624161074,8.237910865804432e-05,0.9931506849315068,0.983050847457627,0.9666666666666667,median,median_k3,17,0.8297315014323717,10.985043424446369,10.155311923013997,22.79879168709354,22.209487915039062,-0.5893037720544783,{'ksize': 3}
147,7,12132,2,0.9865771812080537,0.9865771812080537,0.0005766537606063102,0.9545454545454546,0.9702970297029703,0.9423076923076923,median,median_k3,18,0.8282361002571499,11.507220875579419,10.678984775322268,23.48098920596513,23.02618408203125,-0.4548051239338804,{'ksize': 3}
145,0,12139,4,0.9731543624161074,0.9731543624161074,0.0,1.0,0.9863945578231292,0.9731543624161074,median,median_k3,19,0.791123934282152,11.156506614796392,10.365382680514239,23.098408229378123,22.69183349609375,-0.40657473328437277,{'ksize': 3}
145,2,12137,4,0.9731543624161074,0.9731543624161074,0.00016475821731608864,0.9863945578231292,0.9797297297297297,0.9602649006622517,median,median_k3,20,1.0482274508523426,11.217699190074587,10.169471739222244,23.715584326441018,22.712295532226562,-1.0032887942144555,{'ksize': 3}
146,2,12137,3,0.9798657718120806,0.9798657718120806,0.00016475821731608864,0.9864864864864865,0.9831649831649831,0.9668874172185431,median,median_k3,21,0.9068095903975193,10.96246686018913,10.05565726979161,23.26121359041045,22.47528076171875,-0.7859328286916991,{'ksize': 3}
145,1,12138,4,0.9731543624161074,0.9731543624161074,8.237910865804432e-05,0.9931506849315068,0.983050847457627,0.9666666666666667,median,median_k3,22,0.7962807325814497,10.856235879725581,10.059955147144132,22.574008719215016,21.961181640625,-0.6128270785900156,{'ksize': 3}
145,1,12138,4,0.9731543624161074,0.9731543624161074,8.237910865804432e-05,0.9931506849315068,0.983050847457627,0.9666666666666667,median,median_k3,23,0.7846932406097991,11.052080191816978,10.267386951207179,22.903523272324293,22.175079345703125,-0.7284439266211677,{'ksize': 3}
142,0,12139,7,0.9530201342281879,0.9530201342281879,0.0,1.0,0.9759450171821306,0.9530201342281879,median,median_k5,0,0.8729022746261866,15.389182711671687,14.5162804370455,23.19522589570633,21.339141845703125,-1.8560840500032043,{'ksize': 5}
139,0,12139,10,0.9328859060402684,0.9328859060402684,0.0,1.0,0.9652777777777778,0.9328859060402684,median,median_k5,1,0.9132258850474145,15.686704904455132,14.773479019407718,23.417759761038013,21.236953735351562,-2.1808060256864508,{'ksize': 5}
145,3,12136,4,0.9731543624161074,0.9731543624161074,0.00024713732597413297,0.9797297297297297,0.9764309764309763,0.9539473684210527,median,median_k5,2,0.7472847494486167,14.69945182042169,13.952167070973072,22.423951962087614,20.373214721679688,-2.0507372404079263,{'ksize': 5}
139,2,12137,10,0.9328859060402684,0.9328859060402684,0.00016475821731608864,0.9858156028368794,0.9586206896551724,0.9205298013245033,median,median_k5,3,1.1062823845290635,14.22935517778606,13.123072793256997,26.000810869276535,20.221893310546875,-5.77891755872966,{'ksize': 5}
142,0,12139,7,0.9530201342281879,0.9530201342281879,0.0,1.0,0.9759450171821306,0.9530201342281879,median,median_k5,4,0.8855104426545294,15.330752341598263,14.445241898943733,23.531814274788587,21.591949462890625,-1.9398648118979622,{'ksize': 5}
138,0,12139,11,0.9261744966442953,0.9261744966442953,0.0,1.0,0.9616724738675958,0.9261744966442953,median,median_k5,5,0.9737528142512779,14.466442255146413,13.492689440895136,23.063294779970335,20.5816650390625,-2.4816297409078345,{'ksize': 5}
141,1,12138,8,0.9463087248322147,0.9463087248322147,8.237910865804432e-05,0.9929577464788732,0.9690721649484537,0.94,median,median_k5,6,0.9052996090199855,14.384292017981535,13.478992408961549,21.364602525680368,20.627395629882812,-0.7372068957975557,{'ksize': 5}
138,0,12139,11,0.9261744966442953,0.9261744966442953,0.0,1.0,0.9616724738675958,0.9261744966442953,median,median_k5,7,0.9282303447279603,14.052637230558481,13.12440688583052,22.913927585287183,20.686431884765625,-2.2274957005215583,{'ksize': 5}
142,3,12136,7,0.9530201342281879,0.9530201342281879,0.00024713732597413297,0.9793103448275862,0.9659863945578231,0.9342105263157895,median,median_k5,8,0.9263648489851434,14.37319371510678,13.446828866121637,22.868457417114143,21.1591796875,-1.7092777296141435,{'ksize': 5}
140,0,12139,9,0.9395973154362416,0.9395973154362416,0.0,1.0,0.9688581314878892,0.9395973154362416,median,median_k5,9,0.9721968411334363,15.874270201832143,14.902073360698706,23.990665506444003,21.675140380859375,-2.315525125584628,{'ksize': 5}
142,3,12136,7,0.9530201342281879,0.9530201342281879,0.00024713732597413297,0.9793103448275862,0.9659863945578231,0.9342105263157895,median,median_k5,10,0.8297047864677873,15.084174862753489,14.254470076285703,22.802197439326136,20.999862670898438,-1.8023347684276985,{'ksize': 5}
139,0,12139,10,0.9328859060402684,0.9328859060402684,0.0,1.0,0.9652777777777778,0.9328859060402684,median,median_k5,11,1.0747780466188417,16.024429950519963,14.94965190390112,28.48448086556752,21.162261962890625,-7.3222189026768945,{'ksize': 5}
138,0,12139,11,0.9261744966442953,0.9261744966442953,0.0,1.0,0.9616724738675958,0.9261744966442953,median,median_k5,12,0.7975702665964833,14.782767913852952,13.985197647256468,21.138410548184652,20.806106567382812,-0.3323039808018393,{'ksize': 5}
139,0,12139,10,0.9328859060402684,0.9328859060402684,0.0,1.0,0.9652777777777778,0.9328859060402684,median,median_k5,13,0.8959729304041005,15.689952416683557,14.793979486279456,22.975527759078005,21.105453491210938,-1.8700742678670679,{'ksize': 5}
142,0,12139,7,0.9530201342281879,0.9530201342281879,0.0,1.0,0.9759450171821306,0.9530201342281879,median,median_k5,14,0.885733425225472,14.795282549980527,13.909549124755054,22.72255353043741,20.727462768554688,-1.9950907618827216,{'ksize': 5}
141,0,12139,8,0.9463087248322147,0.9463087248322147,0.0,1.0,0.9724137931034482,0.9463087248322147,median,median_k5,15,0.9755375574485559,15.257340125652211,14.281802568203656,24.08471717510264,21.745513916015625,-2.3392032590870144,{'ksize': 5}
142,0,12139,7,0.9530201342281879,0.9530201342281879,0.0,1.0,0.9759450171821306,0.9530201342281879,median,median_k5,16,0.8357383526811024,14.408996837457886,13.573258484776783,22.96094511830296,21.021484375,-1.9394607433029591,{'ksize': 5}
139,0,12139,10,0.9328859060402684,0.9328859060402684,0.0,1.0,0.9652777777777778,0.9328859060402684,median,median_k5,17,0.8297315014323717,14.43363709521282,13.603905593780448,22.79879168709354,20.902328491210938,-1.8964631958826033,{'ksize': 5}
140,2,12137,9,0.9395973154362416,0.9395973154362416,0.00016475821731608864,0.9859154929577465,0.9621993127147765,0.9271523178807947,median,median_k5,18,0.8282361002571499,15.34728209116069,14.519045990903539,23.48098920596513,21.73895263671875,-1.7420365692463804,{'ksize': 5}
140,0,12139,9,0.9395973154362416,0.9395973154362416,0.0,1.0,0.9688581314878892,0.9395973154362416,median,median_k5,19,0.791123934282152,14.789244338672413,13.99812040439026,23.098408229378123,21.037322998046875,-2.0610852313312478,{'ksize': 5}
139,0,12139,10,0.9328859060402684,0.9328859060402684,0.0,1.0,0.9652777777777778,0.9328859060402684,median,median_k5,20,1.0482274508523426,14.905334212033862,13.85710676118152,23.715584326441018,21.448150634765625,-2.267433691675393,{'ksize': 5}
137,0,12139,12,0.9194630872483222,0.9194630872483222,0.0,1.0,0.958041958041958,0.9194630872483222,median,median_k5,21,0.9068095903975193,14.554108710906908,13.647299120509388,23.26121359041045,21.129837036132812,-2.1313765542776366,{'ksize': 5}
142,1,12138,7,0.9530201342281879,0.9530201342281879,8.237910865804432e-05,0.993006993006993,0.9726027397260273,0.9466666666666667,median,median_k5,22,0.7962807325814497,14.757668420098902,13.961387687517453,22.574008719215016,20.785751342773438,-1.7882573764415781,{'ksize': 5}
141,0,12139,8,0.9463087248322147,0.9463087248322147,0.0,1.0,0.9724137931034482,0.9463087248322147,median,median_k5,23,0.7846932406097991,14.921062544944249,14.13636930433445,22.903523272324293,20.997726440429688,-1.9057968318946052,{'ksize': 5}
149,21,12118,0,1.0,1.0,0.0017299612818189307,0.8764705882352941,0.9341692789968652,0.8764705882352941,bilateral,bilateral_d5,0,0.8729022746261866,0.82273881512367,-0.05016345950251666,23.19522589570633,21.57672119140625,-1.6185047043000793,"{'diameter': 5, 'sigma_color': 18, 'sigma_space': 5}"
149,21,12118,0,1.0,1.0,0.0017299612818189307,0.8764705882352941,0.9341692789968652,0.8764705882352941,bilateral,bilateral_d5,1,0.9132258850474145,0.8620087519383506,-0.05121713310906395,23.417759761038013,21.79718017578125,-1.6205795852567633,"{'diameter': 5, 'sigma_color': 18, 'sigma_space': 5}"
149,22,12117,0,1.0,1.0,0.001812340390476975,0.8713450292397661,0.93125,0.8713450292397661,bilateral,bilateral_d5,2,0.7472847494486167,0.7011180036159751,-0.046166745832641576,22.423951962087614,20.8255615234375,-1.5983904386501138,"{'diameter': 5, 'sigma_color': 18, 'sigma_space': 5}"
148,9,12130,1,0.9932885906040269,0.9932885906040269,0.0007414119779223989,0.9426751592356688,0.9673202614379084,0.9367088607594937,bilateral,bilateral_d5,3,1.1062823845290635,1.0571912302901032,-0.049091154238960266,26.000810869276535,24.430953979492188,-1.5698568897843472,"{'diameter': 5, 'sigma_color': 18, 'sigma_space': 5}"
149,29,12110,0,1.0,1.0,0.0023889941510832854,0.8370786516853933,0.9113149847094802,0.8370786516853933,bilateral,bilateral_d5,4,0.8855104426545294,0.8369013783797384,-0.04860906427479095,23.531814274788587,21.951019287109375,-1.5807949876792122,"{'diameter': 5, 'sigma_color': 18, 'sigma_space': 5}"
149,19,12120,0,1.0,1.0,0.0015652030645028421,0.8869047619047619,0.9400630914826498,0.8869047619047619,bilateral,bilateral_d5,5,0.9737528142512779,0.9213729326809943,-0.052379881570283615,23.063294779970335,21.455825805664062,-1.607468974306272,"{'diameter': 5, 'sigma_color': 18, 'sigma_space': 5}"
148,31,12108,1,0.9932885906040269,0.9932885906040269,0.002553752368399374,0.8268156424581006,0.9024390243902439,0.8222222222222222,bilateral,bilateral_d5,6,0.9052996090199855,0.851074702916537,-0.054224906103448545,21.364602525680368,19.744964599609375,-1.6196379260709932,"{'diameter': 5, 'sigma_color': 18, 'sigma_space': 5}"
149,20,12119,0,1.0,1.0,0.0016475821731608863,0.8816568047337278,0.9371069182389937,0.8816568047337278,bilateral,bilateral_d5,7,0.9282303447279603,0.8770222370257208,-0.05120810770223949,22.913927585287183,21.319229125976562,-1.5946984593106208,"{'diameter': 5, 'sigma_color': 18, 'sigma_space': 5}"
149,46,12093,0,1.0,1.0,0.0037894389982700387,0.764102564102564,0.8662790697674418,0.764102564102564,bilateral,bilateral_d5,8,0.9263648489851434,0.8753177658815462,-0.05104708310359718,22.868457417114143,21.277969360351562,-1.590488056762581,"{'diameter': 5, 'sigma_color': 18, 'sigma_space': 5}"
149,16,12123,0,1.0,1.0,0.001318065738528709,0.9030303030303031,0.9490445859872612,0.9030303030303031,bilateral,bilateral_d5,9,0.9721968411334363,0.9209152941800625,-0.051281546953373836,23.990665506444003,22.381332397460938,-1.6093331089830656,"{'diameter': 5, 'sigma_color': 18, 'sigma_space': 5}"
149,20,12119,0,1.0,1.0,0.0016475821731608863,0.8816568047337278,0.9371069182389937,0.8816568047337278,bilateral,bilateral_d5,10,0.8297047864677873,0.7814508966894984,-0.04825388977828893,22.802197439326136,21.208572387695312,-1.5936250516308235,"{'diameter': 5, 'sigma_color': 18, 'sigma_space': 5}"
149,16,12123,0,1.0,1.0,0.001318065738528709,0.9030303030303031,0.9490445859872612,0.9030303030303031,bilateral,bilateral_d5,11,1.0747780466188417,1.0296422776004948,-0.04513576901834693,28.48448086556752,26.92431640625,-1.5601644593175195,"{'diameter': 5, 'sigma_color': 18, 'sigma_space': 5}"
148,17,12122,1,0.9932885906040269,0.9932885906040269,0.0014004448471867535,0.896969696969697,0.9426751592356689,0.891566265060241,bilateral,bilateral_d5,12,0.7975702665964833,0.7467500097184452,-0.05082025687803815,21.138410548184652,19.52880859375,-1.6096019544346518,"{'diameter': 5, 'sigma_color': 18, 'sigma_space': 5}"
149,27,12112,0,1.0,1.0,0.0022242359337671966,0.8465909090909091,0.9169230769230768,0.8465909090909091,bilateral,bilateral_d5,13,0.8959729304041005,0.8444675004240006,-0.05150542998009988,22.975527759078005,21.349258422851562,-1.6262693362264429,"{'diameter': 5, 'sigma_color': 18, 'sigma_space': 5}"
149,20,12119,0,1.0,1.0,0.0016475821731608863,0.8816568047337278,0.9371069182389937,0.8816568047337278,bilateral,bilateral_d5,14,0.885733425225472,0.8339411127998763,-0.05179231242559579,22.72255353043741,21.087677001953125,-1.634876528484284,"{'diameter': 5, 'sigma_color': 18, 'sigma_space': 5}"
149,18,12121,0,1.0,1.0,0.0014828239558447977,0.8922155688622755,0.9430379746835443,0.8922155688622755,bilateral,bilateral_d5,15,0.9755375574485559,0.9239943736971282,-0.051543183751427635,24.08471717510264,22.4580078125,-1.6267093626026394,"{'diameter': 5, 'sigma_color': 18, 'sigma_space': 5}"
149,25,12114,0,1.0,1.0,0.002059477716451108,0.8563218390804598,0.9226006191950465,0.8563218390804598,bilateral,bilateral_d5,16,0.8357383526811024,0.7866558174177672,-0.04908253526333517,22.96094511830296,21.3494873046875,-1.6114578136154591,"{'diameter': 5, 'sigma_color': 18, 'sigma_space': 5}"
149,20,12119,0,1.0,1.0,0.0016475821731608863,0.8816568047337278,0.9371069182389937,0.8816568047337278,bilateral,bilateral_d5,17,0.8297315014323717,0.7807680200009938,-0.048963481431377964,22.79879168709354,21.188430786132812,-1.6103609009607283,"{'diameter': 5, 'sigma_color': 18, 'sigma_space': 5}"
149,32,12107,0,1.0,1.0,0.002636131477057418,0.8232044198895028,0.9030303030303031,0.8232044198895028,bilateral,bilateral_d5,18,0.8282361002571499,0.780598958732171,-0.04763714152497889,23.48098920596513,21.873245239257812,-1.607743966707318,"{'diameter': 5, 'sigma_color': 18, 'sigma_space': 5}"
149,22,12117,0,1.0,1.0,0.001812340390476975,0.8713450292397661,0.93125,0.8713450292397661,bilateral,bilateral_d5,19,0.791123934282152,0.7440020053919679,-0.04712192889018407,23.098408229378123,21.48358154296875,-1.6148266864093728,"{'diameter': 5, 'sigma_color': 18, 'sigma_space': 5}"
149,28,12111,0,1.0,1.0,0.002306615042425241,0.8418079096045198,0.9141104294478527,0.8418079096045198,bilateral,bilateral_d5,20,1.0482274508523426,0.9941087463646451,-0.05411870448769751,23.715584326441018,22.087417602539062,-1.6281667239019555,"{'diameter': 5, 'sigma_color': 18, 'sigma_space': 5}"
149,34,12105,0,1.0,1.0,0.002800889694373507,0.8142076502732241,0.8975903614457832,0.8142076502732241,bilateral,bilateral_d5,21,0.9068095903975193,0.8562726101504678,-0.050536980247051444,23.26121359041045,21.651992797851562,-1.6092207925588866,"{'diameter': 5, 'sigma_color': 18, 'sigma_space': 5}"
149,29,12110,0,1.0,1.0,0.0023889941510832854,0.8370786516853933,0.9113149847094802,0.8370786516853933,bilateral,bilateral_d5,22,0.7962807325814497,0.746966986827322,-0.049313745754127725,22.574008719215016,20.930892944335938,-1.6431157748790781,"{'diameter': 5, 'sigma_color': 18, 'sigma_space': 5}"
149,24,12115,0,1.0,1.0,0.0019770986077930638,0.861271676300578,0.9254658385093167,0.861271676300578,bilateral,bilateral_d5,23,0.7846932406097991,0.7378497136098177,-0.0468435269999814,22.903523272324293,21.30364990234375,-1.5998733699805427,"{'diameter': 5, 'sigma_color': 18, 'sigma_space': 5}"
149,112,12027,0,1.0,1.0,0.009226460169700964,0.5708812260536399,0.726829268292683,0.5708812260536399,bilateral,bilateral_d9,0,0.8729022746261866,0.7180141031486988,-0.1548881714774878,23.19522589570633,18.816268920898438,-4.378956974807892,"{'diameter': 9, 'sigma_color': 28, 'sigma_space': 7}"
149,112,12027,0,1.0,1.0,0.009226460169700964,0.5708812260536399,0.726829268292683,0.5708812260536399,bilateral,bilateral_d9,1,0.9132258850474145,0.7526111444463335,-0.16061474060108105,23.417759761038013,19.014404296875,-4.403355464163013,"{'diameter': 9, 'sigma_color': 28, 'sigma_space': 7}"
149,104,12035,0,1.0,1.0,0.008567427300436609,0.5889328063241107,0.7412935323383084,0.5889328063241107,bilateral,bilateral_d9,2,0.7472847494486167,0.6073397536006779,-0.13994499584793874,22.423951962087614,18.0284423828125,-4.395509579275114,"{'diameter': 9, 'sigma_color': 28, 'sigma_space': 7}"
148,85,12054,1,0.9932885906040269,0.9932885906040269,0.007002224235933767,0.6351931330472103,0.774869109947644,0.6324786324786325,bilateral,bilateral_d9,3,1.1062823845290635,0.9393470698385818,-0.16693531469048162,26.000810869276535,21.684890747070312,-4.315920122206222,"{'diameter': 9, 'sigma_color': 28, 'sigma_space': 7}"
149,136,12003,0,1.0,1.0,0.011203558777494028,0.5228070175438596,0.6866359447004609,0.5228070175438596,bilateral,bilateral_d9,4,0.8855104426545294,0.7288238392670914,-0.156686603387438,23.531814274788587,19.101318359375,-4.430495915413587,"{'diameter': 9, 'sigma_color': 28, 'sigma_space': 7}"
149,96,12043,0,1.0,1.0,0.007908394431172255,0.6081632653061224,0.7563451776649746,0.6081632653061224,bilateral,bilateral_d9,5,0.9737528142512779,0.7992633716816263,-0.1744894425696516,23.063294779970335,18.5926513671875,-4.4706434127828345,"{'diameter': 9, 'sigma_color': 28, 'sigma_space': 7}"
148,102,12037,1,0.9932885906040269,0.9932885906040269,0.00840266908312052,0.592,0.7418546365914787,0.5896414342629482,bilateral,bilateral_d9,6,0.9052996090199855,0.7342079280726246,-0.17109168094736094,21.364602525680368,17.016036987304688,-4.348565538375681,"{'diameter': 9, 'sigma_color': 28, 'sigma_space': 7}"
149,84,12055,0,1.0,1.0,0.006919845127275723,0.6394849785407726,0.7801047120418848,0.6394849785407726,bilateral,bilateral_d9,7,0.9282303447279603,0.7599092731168203,-0.16832107161113996,22.913927585287183,18.4549560546875,-4.458971530599683,"{'diameter': 9, 'sigma_color': 28, 'sigma_space': 7}"
149,106,12033,0,1.0,1.0,0.008732185517752698,0.5843137254901961,0.7376237623762376,0.5843137254901961,bilateral,bilateral_d9,8,0.9263648489851434,0.763398583572698,-0.1629662654124454,22.868457417114143,18.539108276367188,-4.329349140746956,"{'diameter': 9, 'sigma_color': 28, 'sigma_space': 7}"
149,107,12032,0,1.0,1.0,0.008814564626410741,0.58203125,0.7358024691358025,0.58203125,bilateral,bilateral_d9,9,0.9721968411334363,0.8013290014634632,-0.1708678396699731,23.990665506444003,19.457870483398438,-4.532795023045566,"{'diameter': 9, 'sigma_color': 28, 'sigma_space': 7}"
149,107,12032,0,1.0,1.0,0.008814564626410741,0.58203125,0.7358024691358025,0.58203125,bilateral,bilateral_d9,10,0.8297047864677873,0.6804461354761738,-0.1492586509916135,22.802197439326136,18.45281982421875,-4.349377615107386,"{'diameter': 9, 'sigma_color': 28, 'sigma_space': 7}"
149,104,12035,0,1.0,1.0,0.008567427300436609,0.5889328063241107,0.7412935323383084,0.5889328063241107,bilateral,bilateral_d9,11,1.0747780466188417,0.9211172041834933,-0.1536608424353484,28.48448086556752,24.067626953125,-4.4168539124425195,"{'diameter': 9, 'sigma_color': 28, 'sigma_space': 7}"
148,90,12049,1,0.9932885906040269,0.9932885906040269,0.0074141197792239886,0.6218487394957983,0.764857881136951,0.6192468619246861,bilateral,bilateral_d9,12,0.7975702665964833,0.6392500604558028,-0.15832020614068054,21.138410548184652,16.704147338867188,-4.434263209317464,"{'diameter': 9, 'sigma_color': 28, 'sigma_space': 7}"
149,104,12035,0,1.0,1.0,0.008567427300436609,0.5889328063241107,0.7412935323383084,0.5889328063241107,bilateral,bilateral_d9,13,0.8959729304041005,0.7356096467801456,-0.1603632836239549,22.975527759078005,18.582244873046875,-4.39328288603113,"{'diameter': 9, 'sigma_color': 28, 'sigma_space': 7}"
149,81,12058,0,1.0,1.0,0.00667270780130159,0.6478260869565218,0.7862796833773087,0.6478260869565218,bilateral,bilateral_d9,14,0.885733425225472,0.7250066814337678,-0.16072674379170426,22.72255353043741,18.316635131835938,-4.405918398601472,"{'diameter': 9, 'sigma_color': 28, 'sigma_space': 7}"
149,90,12049,0,1.0,1.0,0.0074141197792239886,0.6234309623430963,0.7680412371134021,0.6234309623430963,bilateral,bilateral_d9,15,0.9755375574485559,0.8060763808023026,-0.16946117664625326,24.08471717510264,19.573715209960938,-4.511001965141702,"{'diameter': 9, 'sigma_color': 28, 'sigma_space': 7}"
149,99,12040,0,1.0,1.0,0.008155531757146388,0.6008064516129032,0.7506297229219143,0.6008064516129032,bilateral,bilateral_d9,16,0.8357383526811024,0.6850223849136078,-0.15071596776749463,22.96094511830296,18.576980590820312,-4.383964527482647,"{'diameter': 9, 'sigma_color': 28, 'sigma_space': 7}"
149,90,12049,0,1.0,1.0,0.0074141197792239886,0.6234309623430963,0.7680412371134021,0.6234309623430963,bilateral,bilateral_d9,17,0.8297315014323717,0.6772988377199831,-0.15243266371238862,22.79879168709354,18.366455078125,-4.432336608968541,"{'diameter': 9, 'sigma_color': 28, 'sigma_space': 7}"
149,114,12025,0,1.0,1.0,0.009391218387017052,0.5665399239543726,0.7233009708737863,0.5665399239543726,bilateral,bilateral_d9,18,0.8282361002571499,0.6826994383555103,-0.1455366619016396,23.48098920596513,19.1163330078125,-4.36465619815263,"{'diameter': 9, 'sigma_color': 28, 'sigma_space': 7}"
149,87,12052,0,1.0,1.0,0.007166982453249856,0.6313559322033898,0.7740259740259741,0.6313559322033898,bilateral,bilateral_d9,19,0.791123934282152,0.6450496609092383,-0.14607427337291368,23.098408229378123,18.612991333007812,-4.48541689637031,"{'diameter': 9, 'sigma_color': 28, 'sigma_space': 7}"
149,119,12020,0,1.0,1.0,0.009803113930307274,0.5559701492537313,0.7146282973621103,0.5559701492537313,bilateral,bilateral_d9,20,1.0482274508523426,0.8711984062202922,-0.17702904463205038,23.715584326441018,19.335693359375,-4.379890967066018,"{'diameter': 9, 'sigma_color': 28, 'sigma_space': 7}"
149,119,12020,0,1.0,1.0,0.009803113930307274,0.5559701492537313,0.7146282973621103,0.5559701492537313,bilateral,bilateral_d9,21,0.9068095903975193,0.7435351172941935,-0.16327447310332577,23.26121359041045,18.785476684570312,-4.475736905840137,"{'diameter': 9, 'sigma_color': 28, 'sigma_space': 7}"
149,123,12016,0,1.0,1.0,0.010132630364939452,0.5477941176470589,0.7078384798099763,0.5477941176470589,bilateral,bilateral_d9,22,0.7962807325814497,0.6493249549831479,-0.1469557775983018,22.574008719215016,18.18109130859375,-4.392917410621266,"{'diameter': 9, 'sigma_color': 28, 'sigma_space': 7}"
149,98,12041,0,1.0,1.0,0.008073152648488343,0.6032388663967612,0.7525252525252526,0.6032388663967612,bilateral,bilateral_d9,23,0.7846932406097991,0.6395920462504474,-0.14510119435935165,22.903523272324293,18.454055786132812,-4.44946748619148,"{'diameter': 9, 'sigma_color': 28, 'sigma_space': 7}"
0,0,12139,149,0.0,0.0,0.0,0.0,0.0,0.0,nlm,nlm_h5,0,0.8729022746261866,0.412633353970297,-0.46026892065588965,23.19522589570633,10.429830558239388,-12.765395337466941,{'h': 5}
0,0,12139,149,0.0,0.0,0.0,0.0,0.0,0.0,nlm,nlm_h5,1,0.9132258850474145,0.4532654617956379,-0.4599604232517766,23.417759761038013,10.966574662027,-12.451185099011013,{'h': 5}
0,0,12139,149,0.0,0.0,0.0,0.0,0.0,0.0,nlm,nlm_h5,2,0.7472847494486167,0.33600803857261136,-0.4112767108760053,22.423951962087614,9.859261585932217,-12.564690376155397,{'h': 5}
0,0,12139,149,0.0,0.0,0.0,0.0,0.0,0.0,nlm,nlm_h5,3,1.1062823845290635,0.7218912947901409,-0.38439108973892255,26.000810869276535,15.873500650625942,-10.127310218650592,{'h': 5}
0,0,12139,149,0.0,0.0,0.0,0.0,0.0,0.0,nlm,nlm_h5,4,0.8855104426545294,0.4493900182531064,-0.43612042440142296,23.531814274788587,11.353588826517978,-12.17822544827061,{'h': 5}
0,0,12139,149,0.0,0.0,0.0,0.0,0.0,0.0,nlm,nlm_h5,5,0.9737528142512779,0.4956030976550503,-0.4781497165962276,23.063294779970335,10.884323671908476,-12.178971108061859,{'h': 5}
0,0,12139,149,0.0,0.0,0.0,0.0,0.0,0.0,nlm,nlm_h5,6,0.9052996090199855,0.36897312475879696,-0.5363264842611886,21.364602525680368,8.119392416185121,-13.245210109495247,{'h': 5}
0,0,12139,149,0.0,0.0,0.0,0.0,0.0,0.0,nlm,nlm_h5,7,0.9282303447279603,0.48150298295976157,-0.4467273617681987,22.913927585287183,11.153784773667411,-11.760142811619772,{'h': 5}
0,0,12139,149,0.0,0.0,0.0,0.0,0.0,0.0,nlm,nlm_h5,8,0.9263648489851434,0.45549428429712535,-0.470870564688018,22.868457417114143,10.514745395380288,-12.353712021733855,{'h': 5}
0,0,12139,149,0.0,0.0,0.0,0.0,0.0,0.0,nlm,nlm_h5,9,0.9721968411334363,0.5000079081561922,-0.47218893297724407,23.990665506444003,11.577287653700324,-12.413377852743679,{'h': 5}
0,0,12139,149,0.0,0.0,0.0,0.0,0.0,0.0,nlm,nlm_h5,10,0.8297047864677873,0.3873727035470549,-0.44233208292073245,22.802197439326136,10.187839685766534,-12.614357753559602,{'h': 5}
0,0,12139,149,0.0,0.0,0.0,0.0,0.0,0.0,nlm,nlm_h5,11,1.0747780466188417,0.7077280243150091,-0.36705002230383255,28.48448086556752,17.995080689084915,-10.489400176482604,{'h': 5}
0,0,12139,149,0.0,0.0,0.0,0.0,0.0,0.0,nlm,nlm_h5,12,0.7975702665964833,0.31420916031220314,-0.4833611062842802,21.138410548184652,8.008990263361795,-13.129420284822857,{'h': 5}
0,0,12139,149,0.0,0.0,0.0,0.0,0.0,0.0,nlm,nlm_h5,13,0.8959729304041005,0.44969131852461713,-0.4462816118794834,22.975527759078005,10.927987695624779,-12.047540063453226,{'h': 5}
0,0,12139,149,0.0,0.0,0.0,0.0,0.0,0.0,nlm,nlm_h5,14,0.885733425225472,0.4574992875688033,-0.42823413765666873,22.72255353043741,11.071629158588081,-11.650924371849328,{'h': 5}
0,0,12139,149,0.0,0.0,0.0,0.0,0.0,0.0,nlm,nlm_h5,15,0.9755375574485559,0.49174215662198917,-0.4837954008265667,24.08471717510264,11.362006228224942,-12.722710946877697,{'h': 5}
0,0,12139,149,0.0,0.0,0.0,0.0,0.0,0.0,nlm,nlm_h5,16,0.8357383526811024,0.40058699031961376,-0.43515136236148866,22.96094511830296,10.562315359651535,-12.398629758651424,{'h': 5}
0,0,12139,149,0.0,0.0,0.0,0.0,0.0,0.0,nlm,nlm_h5,17,0.8297315014323717,0.400152564138767,-0.42957893729360475,22.79879168709354,10.524114329454136,-12.274677357639405,{'h': 5}
0,0,12139,149,0.0,0.0,0.0,0.0,0.0,0.0,nlm,nlm_h5,18,0.8282361002571499,0.4668934062688825,-0.3613426939882674,23.48098920596513,12.733798723803545,-10.747190482161585,{'h': 5}
0,0,12139,149,0.0,0.0,0.0,0.0,0.0,0.0,nlm,nlm_h5,19,0.791123934282152,0.4028632071395452,-0.3882607271426068,23.098408229378123,11.372697104701217,-11.725711124676906,{'h': 5}
0,0,12139,149,0.0,0.0,0.0,0.0,0.0,0.0,nlm,nlm_h5,20,1.0482274508523426,0.550339068666823,-0.49788838218551956,23.715584326441018,11.372896726876121,-12.342687599564897,{'h': 5}
0,0,12139,149,0.0,0.0,0.0,0.0,0.0,0.0,nlm,nlm_h5,21,0.9068095903975193,0.43282409932923627,-0.473985491068283,23.26121359041045,10.514980505941764,-12.746233084468685,{'h': 5}
0,0,12139,149,0.0,0.0,0.0,0.0,0.0,0.0,nlm,nlm_h5,22,0.7962807325814497,0.377797430645346,-0.4184833019361037,22.574008719215016,10.315502502643596,-12.25850621657142,{'h': 5}
0,0,12139,149,0.0,0.0,0.0,0.0,0.0,0.0,nlm,nlm_h5,23,0.7846932406097991,0.41317532405439145,-0.3715179165554076,22.903523272324293,11.660680926263893,-11.2428423460604,{'h': 5}
0,0,12139,149,0.0,0.0,0.0,0.0,0.0,0.0,nlm,nlm_h10,0,0.8729022746261866,0.3406058926947374,-0.5322963819314492,23.19522589570633,8.605667598117606,-14.589558297588724,{'h': 10}
0,0,12139,149,0.0,0.0,0.0,0.0,0.0,0.0,nlm,nlm_h10,1,0.9132258850474145,0.3690032554149008,-0.5442226296325137,23.417759761038013,8.92775132319619,-14.490008437841823,{'h': 10}
0,0,12139,149,0.0,0.0,0.0,0.0,0.0,0.0,nlm,nlm_h10,2,0.7472847494486167,0.2723194954236655,-0.47496525402495116,22.423951962087614,7.98498015177347,-14.438971810314143,{'h': 10}
0,0,12139,149,0.0,0.0,0.0,0.0,0.0,0.0,nlm,nlm_h10,3,1.1062823845290635,0.6521812513046373,-0.45410113322442613,26.000810869276535,14.339810135180187,-11.661000734096348,{'h': 10}
0,0,12139,149,0.0,0.0,0.0,0.0,0.0,0.0,nlm,nlm_h10,4,0.8855104426545294,0.36128526841453085,-0.5242251742399986,23.531814274788587,9.127635224916702,-14.404179049871885,{'h': 10}
0,0,12139,149,0.0,0.0,0.0,0.0,0.0,0.0,nlm,nlm_h10,5,0.9737528142512779,0.38698466045556146,-0.5867681537957165,23.063294779970335,8.476642914403186,-14.586651865567148,{'h': 10}
0,0,12139,149,0.0,0.0,0.0,0.0,0.0,0.0,nlm,nlm_h10,6,0.9052996090199855,0.2980392754217465,-0.6072603335982389,21.364602525680368,6.554520917024917,-14.810081608655452,{'h': 10}
0,0,12139,149,0.0,0.0,0.0,0.0,0.0,0.0,nlm,nlm_h10,7,0.9282303447279603,0.40403181833097823,-0.5241985263969821,22.913927585287183,9.340933736788259,-13.572993848498925,{'h': 10}
0,0,12139,149,0.0,0.0,0.0,0.0,0.0,0.0,nlm,nlm_h10,8,0.9263648489851434,0.360664359432389,-0.5657004895527544,22.868457417114143,8.322967110116565,-14.545490306997579,{'h': 10}
0,0,12139,149,0.0,0.0,0.0,0.0,0.0,0.0,nlm,nlm_h10,9,0.9721968411334363,0.39426515422487934,-0.5779316869085569,23.990665506444003,9.11509673431064,-14.875568772133363,{'h': 10}
0,0,12139,149,0.0,0.0,0.0,0.0,0.0,0.0,nlm,nlm_h10,10,0.8297047864677873,0.3056564537483572,-0.5240483327194301,22.802197439326136,8.035874934268406,-14.76632250505773,{'h': 10}
0,0,12139,149,0.0,0.0,0.0,0.0,0.0,0.0,nlm,nlm_h10,11,1.0747780466188417,0.630954650571573,-0.4438233960472687,28.48448086556752,16.038373040898534,-12.446107824668985,{'h': 10}
0,0,12139,149,0.0,0.0,0.0,0.0,0.0,0.0,nlm,nlm_h10,12,0.7975702665964833,0.24855241772180364,-0.5490178488746797,21.138410548184652,6.326816338200217,-14.811594209984435,{'h': 10}
0,0,12139,149,0.0,0.0,0.0,0.0,0.0,0.0,nlm,nlm_h10,13,0.8959729304041005,0.3651552597412437,-0.5308176706628569,22.975527759078005,8.86457312287439,-14.110954636203616,{'h': 10}
0,0,12139,149,0.0,0.0,0.0,0.0,0.0,0.0,nlm,nlm_h10,14,0.885733425225472,0.35888508592737545,-0.5268483392980966,22.72255353043741,8.683116565918453,-14.039436964518956,{'h': 10}
0,0,12139,149,0.0,0.0,0.0,0.0,0.0,0.0,nlm,nlm_h10,15,0.9755375574485559,0.3878944152805368,-0.587643142168019,24.08471717510264,8.951856809823738,-15.132860365278901,{'h': 10}
0,0,12139,149,0.0,0.0,0.0,0.0,0.0,0.0,nlm,nlm_h10,16,0.8357383526811024,0.31165751750181564,-0.5240808351792867,22.96094511830296,8.209475249631083,-14.751469868671876,{'h': 10}
0,0,12139,149,0.0,0.0,0.0,0.0,0.0,0.0,nlm,nlm_h10,17,0.8297315014323717,0.3232703782689379,-0.5064611231634338,22.79879168709354,8.497734106190222,-14.301057580903318,{'h': 10}
0,0,12139,149,0.0,0.0,0.0,0.0,0.0,0.0,nlm,nlm_h10,18,0.8282361002571499,0.3663473861170629,-0.461888714140087,23.48098920596513,9.991766349561885,-13.489222856403245,{'h': 10}
0,0,12139,149,0.0,0.0,0.0,0.0,0.0,0.0,nlm,nlm_h10,19,0.791123934282152,0.3176151379368349,-0.4735087963453171,23.098408229378123,8.964510637686203,-14.13389759169192,{'h': 10}
0,0,12139,149,0.0,0.0,0.0,0.0,0.0,0.0,nlm,nlm_h10,20,1.0482274508523426,0.44368570042170996,-0.6045417504306326,23.715584326441018,9.162806434104425,-14.552777892336593,{'h': 10}
0,0,12139,149,0.0,0.0,0.0,0.0,0.0,0.0,nlm,nlm_h10,21,0.9068095903975193,0.34180480205396657,-0.5650047883435527,23.26121359041045,8.297930053339655,-14.963283537070794,{'h': 10}
0,0,12139,149,0.0,0.0,0.0,0.0,0.0,0.0,nlm,nlm_h10,22,0.7962807325814497,0.30518748267331064,-0.4910932499081391,22.574008719215016,8.323763380791831,-14.250245338423184,{'h': 10}
0,0,12139,149,0.0,0.0,0.0,0.0,0.0,0.0,nlm,nlm_h10,23,0.7846932406097991,0.33382386638446615,-0.4508693742253329,22.903523272324293,9.421332676728923,-13.48219059559537,{'h': 10}
